{"result": [{"v_id": "onnx-pytorch", "v_type": "Package", "attributes": {"author": "fumihwh", "author_email": "fumihwh@gmail.com", "dev_status": "", "search_meta": ""}}, {"v_id": "ngraph-onnx", "v_type": "Package", "attributes": {"author": "Intel", "author_email": "intelnervana@intel.com", "dev_status": "", "search_meta": ""}}, {"v_id": "onnx-coreml", "v_type": "Package", "attributes": {"author": "ONNX-CoreML Team", "author_email": "onnx-coreml@apple.com", "dev_status": "5 - Production/Stable", "search_meta": ""}}, {"v_id": "onnx-chainer", "v_type": "Package", "attributes": {"author": "Shunta Saito", "author_email": "shunta@preferred.jp", "dev_status": "", "search_meta": ""}}, {"v_id": "simple-onnx-processing-tools", "v_type": "Package", "attributes": {"author": "Katsuya Hyodo", "author_email": "rmsdh122@yahoo.co.jp", "dev_status": "", "search_meta": ""}}, {"v_id": "hsemotion-onnx", "v_type": "Package", "attributes": {"author": "Andrey Savchenko", "author_email": "andrey.v.savchenko@gmail.com", "dev_status": "", "search_meta": ""}}, {"v_id": "custom-onnx", "v_type": "Package", "attributes": {"author": "", "author_email": "nallezard <nicolas.allezard@cea.fr>", "dev_status": "", "search_meta": ""}}, {"v_id": "fastinference-onnx", "v_type": "Package", "attributes": {"author": "Zachary Mueller", "author_email": "muellerzr@gmail.com", "dev_status": "3 - Alpha", "search_meta": ""}}, {"v_id": "yolov5-onnx-cv", "v_type": "Package", "attributes": {"author": "", "author_email": "BruceYang <brucefay1115@gmail.com>", "dev_status": "", "search_meta": ""}}, {"v_id": "onnx4acumos", "v_type": "Package", "attributes": {"author": "Bruno Lozach", "author_email": "bruno.lozach@orange.com", "dev_status": "4 - Beta", "search_meta": ""}}, {"v_id": "paddle2onnx1", "v_type": "Package", "attributes": {"author": "paddle-infer", "author_email": "paddle-infer@baidu.com", "dev_status": "", "search_meta": ""}}, {"v_id": "onnx-weekly", "v_type": "Package", "attributes": {"author": "ONNX", "author_email": "onnx-technical-discuss@lists.lfaidata.foundation", "dev_status": "", "search_meta": ""}}, {"v_id": "onnx-tf", "v_type": "Package", "attributes": {"author": "Arpith Jacob, Tian Jin, Gheorghe-Teodor Bercea, Wenhao Hu", "author_email": "tian.jin1@ibm.com", "dev_status": "", "search_meta": ""}}, {"v_id": "onnx-diff", "v_type": "Package", "attributes": {"author": "magnus", "author_email": "contact@magnus.co.uk", "dev_status": "", "search_meta": ""}}, {"v_id": "onnx-mxnet", "v_type": "Package", "attributes": {"author": "", "author_email": "", "dev_status": "", "search_meta": ""}}, {"v_id": "aad2onnx", "v_type": "Package", "attributes": {"author": "Matwey V. Kornilov", "author_email": "matwey.kornilov@gmail.com", "dev_status": "", "search_meta": ""}}, {"v_id": "deepdanbooru-onnx", "v_type": "Package", "attributes": {"author": "chinoll", "author_email": "chinoll@chinoll.org", "dev_status": "", "search_meta": ""}}, {"v_id": "paddle2onnx", "v_type": "Package", "attributes": {"author": "paddle-infer", "author_email": "paddle-infer@baidu.com", "dev_status": "", "search_meta": ""}}, {"v_id": "aidkitHW", "v_type": "Package", "attributes": {"author": "Hud Wahab", "author_email": "hudwahab@gmail.com", "dev_status": "", "search_meta": ""}}, {"v_id": "onnxruntime-openvino", "v_type": "Package", "attributes": {"author": "Microsoft Corporation", "author_email": "onnxruntime@microsoft.com", "dev_status": "5 - Production/Stable", "search_meta": ""}}, {"v_id": "onnx-clip", "v_type": "Package", "attributes": {"author": "Lakera AI", "author_email": "dev@lakera.ai", "dev_status": "", "search_meta": ""}}, {"v_id": "onnx2bnn", "v_type": "Package", "attributes": {"author": "daquexian", "author_email": "daquexian566@gmail.com", "dev_status": "", "search_meta": ""}}, {"v_id": "caffe2onnx", "v_type": "Package", "attributes": {"author": "Valery Asiryan", "author_email": "dmc5mod@yandex.ru", "dev_status": "", "search_meta": ""}}, {"v_id": "tf2onnx-xzj", "v_type": "Package", "attributes": {"author": "onnx@microsoft.com", "author_email": "onnx@microsoft.com", "dev_status": "", "search_meta": ""}}, {"v_id": "transformers-onnx", "v_type": "Package", "attributes": {"author": "NLP Connect", "author_email": "ankur310794@gmail.com", "dev_status": "", "search_meta": ""}}, {"v_id": "v-ppocr-onnx", "v_type": "Package", "attributes": {"author": "triwinds", "author_email": "triwinds@foxmail.com", "dev_status": "4 - Beta", "search_meta": ""}}, {"v_id": "onnx-tool", "v_type": "Package", "attributes": {"author": "Luo Yu", "author_email": "luoyu888888@gmail.com", "dev_status": "", "search_meta": ""}}, {"v_id": "onnxcv", "v_type": "Package", "attributes": {"author": "Ayaz Amin", "author_email": "", "dev_status": "", "search_meta": ""}}, {"v_id": "setfitonnx", "v_type": "Package", "attributes": {"author": "Vimal Babu", "author_email": "personal.vimal@gmail.com", "dev_status": "", "search_meta": ""}}, {"v_id": "onnx-graphsurgeon", "v_type": "Package", "attributes": {"author": "Jonathan Dekhtiar", "author_email": "jdekhtiar@nvidia.com", "dev_status": "3 - Alpha", "search_meta": ""}}, {"v_id": "instancelib-onnx", "v_type": "Package", "attributes": {"author": "Michiel Bron", "author_email": "m.p.bron@uu.nl", "dev_status": "", "search_meta": ""}}, {"v_id": "espnet-onnx", "v_type": "Package", "attributes": {"author": "Masao Someki", "author_email": "masao.someki@gmail.com", "dev_status": "4 - Beta", "search_meta": ""}}, {"v_id": "onnx-plaidml", "v_type": "Package", "attributes": {"author": "Intel Corporation", "author_email": "eng@vertex.ai", "dev_status": "3 - Alpha", "search_meta": ""}}, {"v_id": "onnigiri", "v_type": "Package", "attributes": {"author": "Idein Inc.", "author_email": "", "dev_status": "", "search_meta": ""}}, {"v_id": "tlx2onnx", "v_type": "Package", "attributes": {"author": "TLX2ONNX Contributors", "author_email": "tensorlayer@gmail.com", "dev_status": "3 - Alpha", "search_meta": ""}}, {"v_id": "oneflow-onnx", "v_type": "Package", "attributes": {"author": "zhangxiaoyu", "author_email": "zhangxiaoyu@oneflow.org", "dev_status": "", "search_meta": ""}}, {"v_id": "recogni-onnx", "v_type": "Package", "attributes": {"author": "", "author_email": "", "dev_status": "", "search_meta": ""}}, {"v_id": "blackonnx", "v_type": "Package", "attributes": {"author": "Idein Inc.", "author_email": "christian@idein.jp", "dev_status": "4 - Beta", "search_meta": ""}}, {"v_id": "onnx-caffe2", "v_type": "Package", "attributes": {"author": "bddppq", "author_email": "jbai@fb.com", "dev_status": "", "search_meta": ""}}, {"v_id": "onnx-connx-neowine", "v_type": "Package", "attributes": {"author": "Chanjin Park", "author_email": "chans@neowine.com", "dev_status": "", "search_meta": ""}}, {"v_id": "torch2onnx2trt", "v_type": "Package", "attributes": {"author": "Vladimir Luchinskiy", "author_email": "", "dev_status": "", "search_meta": ""}}, {"v_id": "onnx-opcounter", "v_type": "Package", "attributes": {"author": "Grigory Malivenko", "author_email": "nerox8664@gmail.com", "dev_status": "", "search_meta": ""}}, {"v_id": "ppocr-onnx", "v_type": "Package", "attributes": {"author": "triwinds", "author_email": "triwinds@foxmail.com", "dev_status": "4 - Beta", "search_meta": ""}}, {"v_id": "funasr-onnx", "v_type": "Package", "attributes": {"author": "Speech Lab, Alibaba Group, China", "author_email": "funasr@list.alibaba-inc.com", "dev_status": "", "search_meta": ""}}, {"v_id": "onnx-array-api", "v_type": "Package", "attributes": {"author": "Xavier Dupr\u00e9", "author_email": "xavier.dupre@gmail.com", "dev_status": "5 - Production/Stable", "search_meta": ""}}, {"v_id": "hipe4ml-converter", "v_type": "Package", "attributes": {"author": "hipe4ml-developers", "author_email": "hipe4ml@googlegroups.com", "dev_status": "3 - Alpha", "search_meta": ""}}, {"v_id": "openml-onnx", "v_type": "Package", "attributes": {"author": "", "author_email": "", "dev_status": "", "search_meta": ""}}, {"v_id": "onnxsim", "v_type": "Package", "attributes": {"author": "ONNX Simplifier Authors", "author_email": "daquexian566@gmail.com", "dev_status": "4 - Beta", "search_meta": ""}}, {"v_id": "kedro-onnx", "v_type": "Package", "attributes": {"author": "nickolasrm", "author_email": "nickolasrochamachado@gmail.com", "dev_status": "", "search_meta": ""}}, {"v_id": "onnx-web", "v_type": "Package", "attributes": {"author": "ssube", "author_email": "seansube@gmail.com", "dev_status": "", "search_meta": ""}}, {"v_id": "onnx-vis", "v_type": "Package", "attributes": {"author": "sleepingsaint", "author_email": "suryasantosh14523@gmail.com", "dev_status": "", "search_meta": ""}}, {"v_id": "conversion-onnx", "v_type": "Package", "attributes": {"author": "wangyp", "author_email": "562584614@qq.com", "dev_status": "", "search_meta": ""}}, {"v_id": "onnx2kerastl", "v_type": "Package", "attributes": {"author": "dorhar", "author_email": "doron.harnoy@tensorleap.ai", "dev_status": "", "search_meta": ""}}, {"v_id": "trt2onnx", "v_type": "Package", "attributes": {"author": "triplemu", "author_email": "gpu@163.com", "dev_status": "", "search_meta": ""}}, {"v_id": "onnx-extended", "v_type": "Package", "attributes": {"author": "Xavier Dupr\u00e9", "author_email": "xavier.dupre@gmail.com", "dev_status": "5 - Production/Stable", "search_meta": ""}}, {"v_id": "onnx2pytorch", "v_type": "Package", "attributes": {"author": "Talmaj Marinc", "author_email": "", "dev_status": "", "search_meta": ""}}, {"v_id": "msnhnet-onnx", "v_type": "Package", "attributes": {"author": "zhangxiaoyu", "author_email": "1182563586@qq.com", "dev_status": "", "search_meta": ""}}, {"v_id": "irisml-tasks-onnx", "v_type": "Package", "attributes": {"author": "irisdev", "author_email": "", "dev_status": "", "search_meta": ""}}, {"v_id": "deepview-converter-onnx", "v_type": "Package", "attributes": {"author": "Au-Zone", "author_email": "support@au-zone.com", "dev_status": "", "search_meta": ""}}, {"v_id": "sherpa-onnx", "v_type": "Package", "attributes": {"author": "The sherpa-onnx development team", "author_email": "dpovey@gmail.com", "dev_status": "", "search_meta": ""}}, {"v_id": "onnx-hameln", "v_type": "Package", "attributes": {"author": "irasin", "author_email": "edad811@gmail.com", "dev_status": "", "search_meta": ""}}, {"v_id": "onnx2torch", "v_type": "Package", "attributes": {"author": "ENOT LLC", "author_email": "enot@enot.ai", "dev_status": "", "search_meta": ""}}, {"v_id": "onnx2keras", "v_type": "Package", "attributes": {"author": "Grigory Malivenko", "author_email": "nerox8664@gmail.com", "dev_status": "3 - Alpha", "search_meta": ""}}, {"v_id": "blobhub", "v_type": "Package", "attributes": {"author": "BlobHub", "author_email": "developers@blobhub.io", "dev_status": "3 - Alpha", "search_meta": ""}}, {"v_id": "ebm2onnx", "v_type": "Package", "attributes": {"author": "Romain Picard", "author_email": "romain.picard@softathome.com", "dev_status": "4 - Beta", "search_meta": ""}}, {"v_id": "torch2onnx", "v_type": "Package", "attributes": {"author": "maojiangyun", "author_email": "maojiangyun@163.com", "dev_status": "", "search_meta": ""}}], "Package_Dependency": [{"package": "onnx-pytorch", "dependency": "sympy"}, {"package": "onnx-pytorch", "dependency": "onnx"}, {"package": "onnx-pytorch", "dependency": "torch"}, {"package": "onnx-pytorch", "dependency": "onnxruntime"}, {"package": "onnx-pytorch", "dependency": "PyYAML"}, {"package": "onnx-pytorch", "dependency": "pytest"}, {"package": "onnx-pytorch", "dependency": "tqdm"}, {"package": "onnx-pytorch", "dependency": "torchvision"}, {"package": "onnx-pytorch", "dependency": "setuptools"}, {"package": "onnx-pytorch", "dependency": "numpy"}, {"package": "ngraph-onnx", "dependency": "onnx"}, {"package": "ngraph-onnx", "dependency": "cachetools"}, {"package": "ngraph-onnx", "dependency": "ngraph-core"}, {"package": "ngraph-onnx", "dependency": "setuptools"}, {"package": "ngraph-onnx", "dependency": "numpy"}, {"package": "onnx-coreml", "dependency": "sympy"}, {"package": "onnx-coreml", "dependency": "onnx"}, {"package": "onnx-coreml", "dependency": "typing"}, {"package": "onnx-coreml", "dependency": "typing-extensions"}, {"package": "onnx-coreml", "dependency": "coremltools"}, {"package": "onnx-coreml", "dependency": "click"}, {"package": "onnx-coreml", "dependency": "numpy"}, {"package": "simple-onnx-processing-tools", "dependency": "sam4onnx"}, {"package": "simple-onnx-processing-tools", "dependency": "ssi4onnx"}, {"package": "simple-onnx-processing-tools", "dependency": "sed4onnx"}, {"package": "simple-onnx-processing-tools", "dependency": "rich"}, {"package": "simple-onnx-processing-tools", "dependency": "scs4onnx"}, {"package": "simple-onnx-processing-tools", "dependency": "soa4onnx"}, {"package": "simple-onnx-processing-tools", "dependency": "onnx2tf"}, {"package": "simple-onnx-processing-tools", "dependency": "ssc4onnx"}, {"package": "simple-onnx-processing-tools", "dependency": "snd4onnx"}, {"package": "simple-onnx-processing-tools", "dependency": "scc4onnx"}, {"package": "simple-onnx-processing-tools", "dependency": "soc4onnx"}, {"package": "simple-onnx-processing-tools", "dependency": "onnx2json"}, {"package": "simple-onnx-processing-tools", "dependency": "sod4onnx"}, {"package": "simple-onnx-processing-tools", "dependency": "sne4onnx"}, {"package": "simple-onnx-processing-tools", "dependency": "sio4onnx"}, {"package": "simple-onnx-processing-tools", "dependency": "sng4onnx"}, {"package": "simple-onnx-processing-tools", "dependency": "sog4onnx"}, {"package": "simple-onnx-processing-tools", "dependency": "sna4onnx"}, {"package": "simple-onnx-processing-tools", "dependency": "onnx-simplifier"}, {"package": "simple-onnx-processing-tools", "dependency": "snc4onnx"}, {"package": "simple-onnx-processing-tools", "dependency": "sde4onnx"}, {"package": "simple-onnx-processing-tools", "dependency": "svs4onnx"}, {"package": "simple-onnx-processing-tools", "dependency": "sbi4onnx"}, {"package": "simple-onnx-processing-tools", "dependency": "json2onnx"}, {"package": "simple-onnx-processing-tools", "dependency": "sor4onnx"}, {"package": "simple-onnx-processing-tools", "dependency": "sit4onnx"}, {"package": "custom-onnx", "dependency": "recommonmark;"}, {"package": "custom-onnx", "dependency": "nbsphinx;"}, {"package": "custom-onnx", "dependency": "pytest-check-links;"}, {"package": "custom-onnx", "dependency": "ipywidgets>=7.0.0"}, {"package": "custom-onnx", "dependency": "sphinx>=1.5;"}, {"package": "custom-onnx", "dependency": "pytest>=6.0;"}, {"package": "custom-onnx", "dependency": "nbval;"}, {"package": "custom-onnx", "dependency": "nbsphinx-link;"}, {"package": "custom-onnx", "dependency": "jupyter-sphinx;"}, {"package": "custom-onnx", "dependency": "pypandoc;"}, {"package": "custom-onnx", "dependency": "pytest-cov;"}, {"package": "custom-onnx", "dependency": "sphinx-rtd-theme;"}, {"package": "fastinference-onnx", "dependency": "numpy"}, {"package": "fastinference-onnx", "dependency": "pillow"}, {"package": "fastinference-onnx", "dependency": "onnxruntime-gpu"}, {"package": "yolov5-onnx-cv", "dependency": "opencv-python"}, {"package": "yolov5-onnx-cv", "dependency": "numpy"}, {"package": "onnx4acumos", "dependency": "onnx"}, {"package": "onnx4acumos", "dependency": "appdirs"}, {"package": "onnx4acumos", "dependency": "zipp"}, {"package": "onnx4acumos", "dependency": "protobuf"}, {"package": "onnx4acumos", "dependency": "onnxruntime"}, {"package": "onnx4acumos", "dependency": "acumos-model-runner"}, {"package": "onnx4acumos", "dependency": "typing-inspect"}, {"package": "onnx4acumos", "dependency": "requests"}, {"package": "onnx4acumos", "dependency": "configparser"}, {"package": "onnx4acumos", "dependency": "grpcio"}, {"package": "onnx4acumos", "dependency": "acumos"}, {"package": "onnx4acumos", "dependency": "filelock"}, {"package": "onnx4acumos", "dependency": "numpy"}, {"package": "onnx4acumos", "dependency": "dill"}, {"package": "paddle2onnx1", "dependency": "protobuf"}, {"package": "paddle2onnx1", "dependency": "onnx"}, {"package": "paddle2onnx1", "dependency": "six"}, {"package": "paddle2onnx1", "dependency": "mypy"}, {"package": "onnx-weekly", "dependency": "lintrunner"}, {"package": "onnx-weekly", "dependency": "protobuf"}, {"package": "onnx-weekly", "dependency": "typing-extensions"}, {"package": "onnx-weekly", "dependency": "lintrunner-adapters"}, {"package": "onnx-weekly", "dependency": "numpy"}, {"package": "onnx-tf", "dependency": "onnx"}, {"package": "onnx-tf", "dependency": "tensorflow-addons"}, {"package": "onnx-tf", "dependency": "PyYAML"}, {"package": "onnx-diff", "dependency": "tabulate"}, {"package": "onnx-diff", "dependency": "onnx"}, {"package": "onnx-diff", "dependency": "GraKeL"}, {"package": "onnx-diff", "dependency": "numpy"}, {"package": "onnx-diff", "dependency": "colorama"}, {"package": "onnx-mxnet", "dependency": "mxnet"}, {"package": "onnx-mxnet", "dependency": "onnx"}, {"package": "aad2onnx", "dependency": "skl2onnx"}, {"package": "aad2onnx", "dependency": "onnx"}, {"package": "aad2onnx", "dependency": "onnxconverter-common"}, {"package": "aad2onnx", "dependency": "onnxruntime"}, {"package": "onnxoptimizer", "dependency": "onnx"}, {"package": "onnxoptimizer", "dependency": "mypy"}, {"package": "skl2onnx", "dependency": "onnx"}, {"package": "skl2onnx", "dependency": "onnxconverter-common"}, {"package": "skl2onnx", "dependency": "scikit-learn"}, {"package": "paddle2onnx", "dependency": "mypy"}, {"package": "keras2onnx", "dependency": "onnx"}, {"package": "keras2onnx", "dependency": "protobuf"}, {"package": "keras2onnx", "dependency": "fire"}, {"package": "keras2onnx", "dependency": "requests"}, {"package": "keras2onnx", "dependency": "onnxconverter-common"}, {"package": "keras2onnx", "dependency": "numpy"}, {"package": "onnxruntime-openvino", "dependency": "sympy"}, {"package": "onnxruntime-openvino", "dependency": "packaging"}, {"package": "onnxruntime-openvino", "dependency": "coloredlogs"}, {"package": "onnxruntime-openvino", "dependency": "flatbuffers"}, {"package": "onnxruntime-openvino", "dependency": "protobuf"}, {"package": "onnxruntime-openvino", "dependency": "numpy"}, {"package": "onnx-clip", "dependency": "regex"}, {"package": "onnx-clip", "dependency": "onnxruntime"}, {"package": "onnx-clip", "dependency": "boto3"}, {"package": "onnx-clip", "dependency": "pillow"}, {"package": "onnx-clip", "dependency": "opencv-python-headless"}, {"package": "onnx-clip", "dependency": "numpy"}, {"package": "onnx-clip", "dependency": "ftfy"}, {"package": "onnx2bnn", "dependency": "onnx"}, {"package": "onnx-simplifier", "dependency": "onnx"}, {"package": "onnx-simplifier", "dependency": "rich"}, {"package": "tf2onnx-xzj", "dependency": "requests"}, {"package": "tf2onnx-xzj", "dependency": "numpy"}, {"package": "tf2onnx-xzj", "dependency": "six"}, {"package": "tf2onnx-xzj", "dependency": "onnx"}, {"package": "transformers-onnx", "dependency": "transformers[onnx]"}, {"package": "v-ppocr-onnx", "dependency": "pyclipper"}, {"package": "v-ppocr-onnx", "dependency": "Pillow"}, {"package": "v-ppocr-onnx", "dependency": "requests"}, {"package": "v-ppocr-onnx", "dependency": "opencv-python-headless"}, {"package": "v-ppocr-onnx", "dependency": "shapely"}, {"package": "v-ppocr-onnx", "dependency": "numpy"}, {"package": "v-ppocr-onnx", "dependency": "onnxruntime-gpu"}, {"package": "onnx-tool", "dependency": "tabulate"}, {"package": "onnx-tool", "dependency": "onnx"}, {"package": "onnx-tool", "dependency": "numpy"}, {"package": "onnxcv", "dependency": "opencv-python"}, {"package": "onnxcv", "dependency": "onnxruntime"}, {"package": "onnxcv", "dependency": "scikit-image"}, {"package": "onnxcv", "dependency": "networkx"}, {"package": "onnxcv", "dependency": "Pillow"}, {"package": "onnxcv", "dependency": "decorator"}, {"package": "onnxcv", "dependency": "numpy"}, {"package": "onnxcv", "dependency": "imageio"}, {"package": "onnxcv", "dependency": "scipy"}, {"package": "onnxcv", "dependency": "PyWavelets"}, {"package": "setfitonnx", "dependency": "loguru"}, {"package": "setfitonnx", "dependency": "onnx"}, {"package": "setfitonnx", "dependency": "onnxruntime"}, {"package": "setfitonnx", "dependency": "joblib"}, {"package": "setfitonnx", "dependency": "setfit"}, {"package": "setfitonnx", "dependency": "skl2onnx"}, {"package": "setfitonnx", "dependency": "sclblonnx"}, {"package": "instancelib-onnx", "dependency": "gensim"}, {"package": "instancelib-onnx", "dependency": "parsec"}, {"package": "instancelib-onnx", "dependency": "onnx"}, {"package": "instancelib-onnx", "dependency": "onnxmltools"}, {"package": "instancelib-onnx", "dependency": "onnxruntime"}, {"package": "instancelib-onnx", "dependency": "instancelib"}, {"package": "instancelib-onnx", "dependency": "skl2onnx"}, {"package": "instancelib-onnx", "dependency": "tables"}, {"package": "espnet-onnx", "dependency": "librosa"}, {"package": "espnet-onnx", "dependency": "onnxruntime"}, {"package": "espnet-onnx", "dependency": "sentencepiece"}, {"package": "espnet-onnx", "dependency": "g2p-en"}, {"package": "espnet-onnx", "dependency": "PyYAML"}, {"package": "espnet-onnx", "dependency": "espnet-tts-frontend"}, {"package": "espnet-onnx", "dependency": "six"}, {"package": "espnet-onnx", "dependency": "setuptools"}, {"package": "espnet-onnx", "dependency": "numpy"}, {"package": "espnet-onnx", "dependency": "jamo"}, {"package": "espnet-onnx", "dependency": "typeguard"}, {"package": "onnx-plaidml", "dependency": "onnx"}, {"package": "onnx-plaidml", "dependency": "plaidml"}, {"package": "onnx-plaidml", "dependency": "six"}, {"package": "onnx-plaidml", "dependency": "click"}, {"package": "onnx-plaidml", "dependency": "numpy"}, {"package": "onnxmltools", "dependency": "skl2onnx"}, {"package": "onnxmltools", "dependency": "numpy"}, {"package": "onnxmltools", "dependency": "onnx"}, {"package": "onnigiri", "dependency": "onnx"}, {"package": "onnigiri", "dependency": "onnx-simplifier"}, {"package": "onnigiri", "dependency": "onnxruntime"}, {"package": "oneflow-onnx", "dependency": "onnx"}, {"package": "oneflow-onnx", "dependency": "onnxruntime"}, {"package": "oneflow-onnx", "dependency": "protobuf"}, {"package": "oneflow-onnx", "dependency": "onnx-simplifier"}, {"package": "oneflow-onnx", "dependency": "six"}, {"package": "blackonnx", "dependency": "nnoir-onnx"}, {"package": "blackonnx", "dependency": "numpy"}, {"package": "blackonnx", "dependency": "onnx"}, {"package": "tf2onnx", "dependency": "onnx"}, {"package": "tf2onnx", "dependency": "flatbuffers"}, {"package": "tf2onnx", "dependency": "requests"}, {"package": "tf2onnx", "dependency": "six"}, {"package": "tf2onnx", "dependency": "numpy"}, {"package": "torch2onnx2trt", "dependency": "onnx"}, {"package": "torch2onnx2trt", "dependency": "onnx-simplifier"}, {"package": "ppocr-onnx", "dependency": "opencv-python"}, {"package": "ppocr-onnx", "dependency": "onnxruntime"}, {"package": "ppocr-onnx", "dependency": "pyclipper"}, {"package": "ppocr-onnx", "dependency": "pillow"}, {"package": "ppocr-onnx", "dependency": "requests"}, {"package": "ppocr-onnx", "dependency": "shapely"}, {"package": "ppocr-onnx", "dependency": "numpy"}, {"package": "funasr-onnx", "dependency": "librosa"}, {"package": "funasr-onnx", "dependency": "kaldi-native-fbank"}, {"package": "funasr-onnx", "dependency": "onnxruntime"}, {"package": "funasr-onnx", "dependency": "PyYAML"}, {"package": "funasr-onnx", "dependency": "numpy"}, {"package": "funasr-onnx", "dependency": "scipy"}, {"package": "funasr-onnx", "dependency": "typeguard"}, {"package": "onnx-array-api", "dependency": "numpy"}, {"package": "onnx-array-api", "dependency": "scipy"}, {"package": "onnx-array-api", "dependency": "onnx"}, {"package": "hipe4ml-converter", "dependency": "scikit-learn"}, {"package": "hipe4ml-converter", "dependency": "onnxmltools"}, {"package": "hipe4ml-converter", "dependency": "flake8"}, {"package": "hipe4ml-converter", "dependency": "wheel"}, {"package": "hipe4ml-converter", "dependency": "hummingbird-ml[extra]"}, {"package": "hipe4ml-converter", "dependency": "ipython"}, {"package": "hipe4ml-converter", "dependency": "lightgbm"}, {"package": "hipe4ml-converter", "dependency": "dutil"}, {"package": "hipe4ml-converter", "dependency": "jedi"}, {"package": "hipe4ml-converter", "dependency": "pyarrow"}, {"package": "hipe4ml-converter", "dependency": "psutil"}, {"package": "hipe4ml-converter", "dependency": "onnxconverter-common"}, {"package": "hipe4ml-converter", "dependency": "torch"}, {"package": "hipe4ml-converter", "dependency": "pylint"}, {"package": "hipe4ml-converter", "dependency": "twine"}, {"package": "hipe4ml-converter", "dependency": "hipe4ml"}, {"package": "hipe4ml-converter", "dependency": "onnxruntime"}, {"package": "hipe4ml-converter", "dependency": "pytest"}, {"package": "hipe4ml-converter", "dependency": "prophet"}, {"package": "hipe4ml-converter", "dependency": "setuptools"}, {"package": "hipe4ml-converter", "dependency": "skl2onnx"}, {"package": "nnoir-onnx", "dependency": "onnx"}, {"package": "nnoir-onnx", "dependency": "onnxruntime"}, {"package": "nnoir-onnx", "dependency": "protobuf"}, {"package": "nnoir-onnx", "dependency": "importlib-metadata"}, {"package": "nnoir-onnx", "dependency": "nnoir"}, {"package": "nnoir-onnx", "dependency": "msgpack"}, {"package": "nnoir-onnx", "dependency": "numpy"}, {"package": "openml-onnx", "dependency": "openml"}, {"package": "openml-onnx", "dependency": "onnx"}, {"package": "onnxsim", "dependency": "onnx"}, {"package": "onnxsim", "dependency": "rich"}, {"package": "onnx", "dependency": "protobuf"}, {"package": "onnx", "dependency": "flake8"}, {"package": "onnx", "dependency": "typing-extensions"}, {"package": "onnx", "dependency": "types-protobuf"}, {"package": "onnx", "dependency": "clang-format"}, {"package": "onnx", "dependency": "isort[colors]"}, {"package": "onnx", "dependency": "numpy"}, {"package": "onnx", "dependency": "mypy"}, {"package": "onnx", "dependency": "black"}, {"package": "kedro-onnx", "dependency": "onnxmltools"}, {"package": "kedro-onnx", "dependency": "sklearn"}, {"package": "kedro-onnx", "dependency": "myst-parser"}, {"package": "kedro-onnx", "dependency": "pytest-mock"}, {"package": "kedro-onnx", "dependency": "sphinx-autodoc-typehints"}, {"package": "kedro-onnx", "dependency": "pytest-cov"}, {"package": "kedro-onnx", "dependency": "numpy"}, {"package": "kedro-onnx", "dependency": "sphinx"}, {"package": "kedro-onnx", "dependency": "furo"}, {"package": "kedro-onnx", "dependency": "onnxconverter-common"}, {"package": "kedro-onnx", "dependency": "yapf"}, {"package": "kedro-onnx", "dependency": "pre-commit"}, {"package": "kedro-onnx", "dependency": "pytest-tmpfs"}, {"package": "kedro-onnx", "dependency": "onnxruntime"}, {"package": "kedro-onnx", "dependency": "sphinx-autoapi"}, {"package": "kedro-onnx", "dependency": "pytest"}, {"package": "kedro-onnx", "dependency": "sphinx-copybutton"}, {"package": "kedro-onnx", "dependency": "skl2onnx"}, {"package": "kedro-onnx", "dependency": "kedro"}, {"package": "kedro-onnx", "dependency": "sphinxcontrib-napoleon"}, {"package": "onnx2kerastl", "dependency": "keras-data-format-converter"}, {"package": "onnx2kerastl", "dependency": "onnx"}, {"package": "onnx2kerastl", "dependency": "fvcore"}, {"package": "onnx2kerastl", "dependency": "protobuf"}, {"package": "onnx2kerastl", "dependency": "tensorflow"}, {"package": "onnx2kerastl", "dependency": "tensorflow-addons"}, {"package": "onnx2kerastl", "dependency": "numpy"}, {"package": "onnx2kerastl", "dependency": "tensorflow-macos"}, {"package": "onnx-extended", "dependency": "numpy"}, {"package": "onnx-extended", "dependency": "scipy"}, {"package": "onnx-extended", "dependency": "onnx"}, {"package": "onnx2pytorch", "dependency": "onnx"}, {"package": "onnx2pytorch", "dependency": "torch"}, {"package": "onnx2pytorch", "dependency": "torchvision"}, {"package": "msnhnet-onnx", "dependency": "protobuf"}, {"package": "msnhnet-onnx", "dependency": "six"}, {"package": "sna4onnx", "dependency": "sog4onnx"}, {"package": "irisml-tasks-onnx", "dependency": "irisml"}, {"package": "irisml-tasks-onnx", "dependency": "nvidia-cufft-cu11"}, {"package": "irisml-tasks-onnx", "dependency": "irisml-tasks-training"}, {"package": "irisml-tasks-onnx", "dependency": "nvidia-cuda-runtime-cu11"}, {"package": "irisml-tasks-onnx", "dependency": "nvidia-nvtx-cu11"}, {"package": "irisml-tasks-onnx", "dependency": "nvidia-curand-cu11"}, {"package": "irisml-tasks-onnx", "dependency": "nvidia-cublas-cu11"}, {"package": "irisml-tasks-onnx", "dependency": "nvidia-cudnn-cu11"}, {"package": "irisml-tasks-onnx", "dependency": "onnxruntime-gpu"}, {"package": "deepview-converter-onnx", "dependency": "path"}, {"package": "deepview-converter-onnx", "dependency": "tf2onnx"}, {"package": "deepview-converter-onnx", "dependency": "tensorflow-hub"}, {"package": "deepview-converter-onnx", "dependency": "onnxruntime"}, {"package": "deepview-converter-onnx", "dependency": "tensorflow"}, {"package": "deepview-converter-onnx", "dependency": "keras2onnx"}, {"package": "deepview-converter-onnx", "dependency": "pillow"}, {"package": "deepview-converter-onnx", "dependency": "tflite2onnx"}, {"package": "sherpa-onnx", "dependency": "numpy"}, {"package": "onnx-hameln", "dependency": "numpy"}, {"package": "onnx-hameln", "dependency": "networkx"}, {"package": "onnx-hameln", "dependency": "onnxoptimizer"}, {"package": "onnx-hameln", "dependency": "onnx"}], "Package_License": [{"package": "onnx-pytorch", "license": "Apache 2.0"}, {"package": "sam4onnx", "license": "MIT License"}, {"package": "ngraph-onnx", "license": "License :: OSI Approved :: Apache Software License"}, {"package": "onnx-coreml", "license": "MIT"}, {"package": "onnx-chainer", "license": "MIT License"}, {"package": "simple-onnx-processing-tools", "license": "MIT License"}, {"package": "hsemotion-onnx", "license": "Apache-2.0"}, {"package": "custom-onnx", "license": "Copyright (c) 2022 nallezard All rights reserved.  Redistribution and use in source and binary forms, with or without modification, are permitted provided that the following conditions are met:  1. Redistributions of source code must retain the above copyright notice, this list of conditions and the following disclaimer.  2. Redistributions in binary form must reproduce the above copyright notice, this list of conditions and the following disclaimer in the documentation and/or other materials provided with the distribution.  3. Neither the name of the copyright holder nor the names of its contributors may be used to endorse or promote products derived from this software without specific prior written permission.  THIS SOFTWARE IS PROVIDED BY THE COPYRIGHT HOLDERS AND CONTRIBUTORS \"AS IS\" AND ANY EXPRESS OR IMPLIED WARRANTIES, INCLUDING, BUT NOT LIMITED TO, THE IMPLIED WARRANTIES OF MERCHANTABILITY AND FITNESS FOR A PARTICULAR PURPOSE ARE DISCLAIMED. IN NO EVENT SHALL THE COPYRIGHT HOLDER OR CONTRIBUTORS BE LIABLE FOR ANY DIRECT, INDIRECT, INCIDENTAL, SPECIAL, EXEMPLARY, OR CONSEQUENTIAL DAMAGES (INCLUDING, BUT NOT LIMITED TO, PROCUREMENT OF SUBSTITUTE GOODS OR SERVICES; LOSS OF USE, DATA, OR PROFITS; OR BUSINESS INTERRUPTION) HOWEVER CAUSED AND ON ANY THEORY OF LIABILITY, WHETHER IN CONTRACT, STRICT LIABILITY, OR TORT (INCLUDING NEGLIGENCE OR OTHERWISE) ARISING IN ANY WAY OUT OF THE USE OF THIS SOFTWARE, EVEN IF ADVISED OF THE POSSIBILITY OF SUCH DAMAGE."}, {"package": "fastinference-onnx", "license": "Apache Software License 2.0"}, {"package": "soa4onnx", "license": "MIT License"}, {"package": "yolov5-onnx-cv", "license": ""}, {"package": "onnx4acumos", "license": "Apache License 2.0"}, {"package": "paddle2onnx1", "license": "Apache 2.0"}, {"package": "onnx-weekly", "license": "Apache License v2.0"}, {"package": "onnx-tf", "license": "Apache License 2.0"}, {"package": "sne4onnx", "license": "MIT License"}, {"package": "sng4onnx", "license": "MIT License"}, {"package": "onnx-diff", "license": ""}, {"package": "onnx-mxnet", "license": "Apache 2.0"}, {"package": "aad2onnx", "license": "MIT"}, {"package": "svs4onnx", "license": "MIT License"}, {"package": "deepdanbooru-onnx", "license": ""}, {"package": "onnxoptimizer", "license": "Apache License v2.0"}, {"package": "sor4onnx", "license": "MIT License"}, {"package": "sit4onnx", "license": "MIT License"}, {"package": "skl2onnx", "license": "Apache License v2.0"}, {"package": "ssi4onnx", "license": "MIT License"}, {"package": "scs4onnx", "license": "MIT License"}, {"package": "paddle2onnx", "license": "Apache 2.0"}, {"package": "aidkitHW", "license": "Apache License 2.0"}, {"package": "keras2onnx", "license": "MIT License"}, {"package": "snd4onnx", "license": "MIT License"}, {"package": "onnxruntime-openvino", "license": "MIT License"}, {"package": "onnx-clip", "license": ""}, {"package": "onnx2bnn", "license": ""}, {"package": "caffe2onnx", "license": "BSD-3"}, {"package": "onnx-simplifier", "license": "Apache License v2.0"}, {"package": "tf2onnx-xzj", "license": ""}, {"package": "snc4onnx", "license": "MIT License"}, {"package": "transformers-onnx", "license": ""}, {"package": "v-ppocr-onnx", "license": "Apache 2.0"}, {"package": "onnx-tool", "license": "MIT"}, {"package": "onnxcv", "license": ""}, {"package": "setfitonnx", "license": "MIT"}, {"package": "onnx-graphsurgeon", "license": "Apache2"}, {"package": "instancelib-onnx", "license": "GNU LGPL v3"}, {"package": "espnet-onnx", "license": "MIT"}, {"package": "onnx-plaidml", "license": "https://www.gnu.org/licenses/agpl-3.0.en.html"}, {"package": "onnxmltools", "license": "Apache License v2.0"}, {"package": "onnigiri", "license": "Apache-2.0"}, {"package": "tlx2onnx", "license": "Apache 2.0"}, {"package": "oneflow-onnx", "license": "Apache 2.0"}, {"package": "recogni-onnx", "license": ""}, {"package": "blackonnx", "license": "MIT"}, {"package": "tf2onnx", "license": "Apache License v2.0"}, {"package": "ssc4onnx", "license": "MIT License"}, {"package": "onnx-caffe2", "license": ""}, {"package": "onnx-connx-neowine", "license": ""}, {"package": "scc4onnx", "license": "MIT License"}, {"package": "soc4onnx", "license": "MIT License"}, {"package": "torch2onnx2trt", "license": "MIT"}, {"package": "sod4onnx", "license": "MIT License"}, {"package": "onnx-opcounter", "license": ""}, {"package": "sog4onnx", "license": "MIT License"}, {"package": "ppocr-onnx", "license": "Apache 2.0"}, {"package": "funasr-onnx", "license": "MIT"}, {"package": "onnx-array-api", "license": ""}, {"package": "hipe4ml-converter", "license": "GPL"}, {"package": "json2onnx", "license": "MIT License"}, {"package": "nnoir-onnx", "license": "MIT"}, {"package": "openml-onnx", "license": "BSD 3-clause"}, {"package": "onnxsim", "license": "Apache License v2.0"}, {"package": "onnx", "license": "Apache License v2.0"}, {"package": "kedro-onnx", "license": "Apache-2.0"}, {"package": "onnx-web", "license": ""}, {"package": "onnx-vis", "license": "MIT"}, {"package": "sed4onnx", "license": "MIT License"}, {"package": "conversion-onnx", "license": "MIT Licence"}, {"package": "onnx2tf", "license": "MIT License"}, {"package": "onnx2kerastl", "license": "MIT"}, {"package": "trt2onnx", "license": ""}, {"package": "onnx2json", "license": "MIT License"}, {"package": "onnx-extended", "license": ""}, {"package": "sio4onnx", "license": "MIT License"}, {"package": "onnx2pytorch", "license": "apache-2.0"}, {"package": "msnhnet-onnx", "license": "Apache 2.0"}, {"package": "sna4onnx", "license": "MIT License"}, {"package": "irisml-tasks-onnx", "license": "MIT"}, {"package": "deepview-converter-onnx", "license": "PROPRIETARY"}, {"package": "sde4onnx", "license": "MIT License"}, {"package": "sherpa-onnx", "license": "Apache licensed, as found in the LICENSE file"}, {"package": "onnx-hameln", "license": "Apache License 2.0"}, {"package": "onnx2torch", "license": "apache-2.0"}, {"package": "onnx2keras", "license": "MIT"}, {"package": "blobhub", "license": "MIT"}, {"package": "sbi4onnx", "license": "MIT License"}, {"package": "ebm2onnx", "license": "MIT License  Copyright (c) 2021, SoftAtHome  Permission is hereby granted, free of charge, to any person obtaining a copy of this software and associated documentation files (the \"Software\"), to deal in the Software without restriction, including without limitation the rights to use, copy, modify, merge, publish, distribute, sublicense, and/or sell copies of the Software, and to permit persons to whom the Software is furnished to do so, subject to the following conditions:  The above copyright notice and this permission notice shall be included in all copies or substantial portions of the Software.  THE SOFTWARE IS PROVIDED \"AS IS\", WITHOUT WARRANTY OF ANY KIND, EXPRESS OR IMPLIED, INCLUDING BUT NOT LIMITED TO THE WARRANTIES OF MERCHANTABILITY, FITNESS FOR A PARTICULAR PURPOSE AND NONINFRINGEMENT. IN NO EVENT SHALL THE AUTHORS OR COPYRIGHT HOLDERS BE LIABLE FOR ANY CLAIM, DAMAGES OR OTHER LIABILITY, WHETHER IN AN ACTION OF CONTRACT, TORT OR OTHERWISE, ARISING FROM, OUT OF OR IN CONNECTION WITH THE SOFTWARE OR THE USE OR OTHER DEALINGS IN THE SOFTWARE.  "}, {"package": "torch2onnx", "license": "NU General Public License v3.0"}], "Package_Language": [{"package": "onnx-pytorch", "programming_language": "Python"}, {"package": "onnx-coreml", "programming_language": "Python"}, {"package": "custom-onnx", "programming_language": "Python"}, {"package": "fastinference-onnx", "programming_language": "Python"}, {"package": "yolov5-onnx-cv", "programming_language": "Python"}, {"package": "onnx4acumos", "programming_language": "Python"}, {"package": "paddle2onnx1", "programming_language": "Python"}, {"package": "onnx-weekly", "programming_language": "Python"}, {"package": "onnx-tf", "programming_language": "Python"}, {"package": "onnx-diff", "programming_language": "Python"}, {"package": "aad2onnx", "programming_language": "Python"}, {"package": "deepdanbooru-onnx", "programming_language": "Python"}, {"package": "skl2onnx", "programming_language": "Python"}, {"package": "paddle2onnx", "programming_language": "Python"}, {"package": "keras2onnx", "programming_language": "Python"}, {"package": "onnxruntime-openvino", "programming_language": "Python"}, {"package": "onnx-clip", "programming_language": "Python"}, {"package": "caffe2onnx", "programming_language": "Python"}, {"package": "onnx-simplifier", "programming_language": "Python"}, {"package": "transformers-onnx", "programming_language": "Python"}, {"package": "v-ppocr-onnx", "programming_language": "Python"}, {"package": "onnx-tool", "programming_language": "Python"}, {"package": "setfitonnx", "programming_language": "Python"}, {"package": "onnx-graphsurgeon", "programming_language": "Python"}, {"package": "instancelib-onnx", "programming_language": "Python"}, {"package": "espnet-onnx", "programming_language": "Python"}, {"package": "onnx-plaidml", "programming_language": "Python"}, {"package": "onnx-plaidml", "programming_language": "C++"}, {"package": "onnxmltools", "programming_language": "Python"}, {"package": "onnigiri", "programming_language": "Python"}, {"package": "tlx2onnx", "programming_language": "Python"}, {"package": "oneflow-onnx", "programming_language": "Python"}, {"package": "blackonnx", "programming_language": "Python"}, {"package": "tf2onnx", "programming_language": "Python"}, {"package": "ppocr-onnx", "programming_language": "Python"}, {"package": "funasr-onnx", "programming_language": "Python"}, {"package": "onnx-array-api", "programming_language": "Python"}, {"package": "onnx-array-api", "programming_language": "C"}, {"package": "hipe4ml-converter", "programming_language": "Python"}, {"package": "nnoir-onnx", "programming_language": "Python"}, {"package": "openml-onnx", "programming_language": "Python"}, {"package": "onnxsim", "programming_language": "Python"}, {"package": "onnx", "programming_language": "Python"}, {"package": "kedro-onnx", "programming_language": "Python"}, {"package": "onnx-web", "programming_language": "Python"}, {"package": "onnx2kerastl", "programming_language": "Python"}, {"package": "trt2onnx", "programming_language": "Python"}, {"package": "onnx-extended", "programming_language": "Python"}, {"package": "onnx-extended", "programming_language": "C"}, {"package": "onnx2pytorch", "programming_language": "Python"}, {"package": "msnhnet-onnx", "programming_language": "Python"}, {"package": "sherpa-onnx", "programming_language": "Python"}, {"package": "sherpa-onnx", "programming_language": "C++"}, {"package": "onnx2torch", "programming_language": "Python"}, {"package": "onnx2keras", "programming_language": "Python"}, {"package": "blobhub", "programming_language": "Python"}, {"package": "ebm2onnx", "programming_language": "Python"}]}