package_name,language
onnx-pytorch,Python
onnx-coreml,Python
custom-onnx,Python
fastinference-onnx,Python
yolov5-onnx-cv,Python
onnx4acumos,Python
paddle2onnx1,Python
onnx-weekly,Python
onnx-tf,Python
onnx-diff,Python
aad2onnx,Python
deepdanbooru-onnx,Python
skl2onnx,Python
paddle2onnx,Python
keras2onnx,Python
onnxruntime-openvino,Python
onnx-clip,Python
caffe2onnx,Python
onnx-simplifier,Python
transformers-onnx,Python
v-ppocr-onnx,Python
onnx-tool,Python
setfitonnx,Python
onnx-graphsurgeon,Python
instancelib-onnx,Python
espnet-onnx,Python
onnx-plaidml,Python
onnx-plaidml,C++
onnxmltools,Python
onnigiri,Python
tlx2onnx,Python
oneflow-onnx,Python
blackonnx,Python
tf2onnx,Python
ppocr-onnx,Python
funasr-onnx,Python
onnx-array-api,Python
onnx-array-api,C
hipe4ml-converter,Python
nnoir-onnx,Python
openml-onnx,Python
onnxsim,Python
onnx,Python
kedro-onnx,Python
onnx-web,Python
onnx2kerastl,Python
trt2onnx,Python
onnx-extended,Python
onnx-extended,C
onnx2pytorch,Python
msnhnet-onnx,Python
sherpa-onnx,Python
sherpa-onnx,C++
onnx2torch,Python
onnx2keras,Python
blobhub,Python
ebm2onnx,Python
