package_name,dependency_pkg
onnx-pytorch,sympy
onnx-pytorch,onnx
onnx-pytorch,torch
onnx-pytorch,onnxruntime
onnx-pytorch,PyYAML
onnx-pytorch,pytest
onnx-pytorch,tqdm
onnx-pytorch,torchvision
onnx-pytorch,setuptools
onnx-pytorch,numpy
ngraph-onnx,onnx
ngraph-onnx,cachetools
ngraph-onnx,ngraph-core
ngraph-onnx,setuptools
ngraph-onnx,numpy
onnx-coreml,sympy
onnx-coreml,onnx
onnx-coreml,typing
onnx-coreml,typing-extensions
onnx-coreml,coremltools
onnx-coreml,click
onnx-coreml,numpy
simple-onnx-processing-tools,sam4onnx
simple-onnx-processing-tools,ssi4onnx
simple-onnx-processing-tools,sed4onnx
simple-onnx-processing-tools,rich
simple-onnx-processing-tools,scs4onnx
simple-onnx-processing-tools,soa4onnx
simple-onnx-processing-tools,onnx2tf
simple-onnx-processing-tools,ssc4onnx
simple-onnx-processing-tools,snd4onnx
simple-onnx-processing-tools,scc4onnx
simple-onnx-processing-tools,soc4onnx
simple-onnx-processing-tools,onnx2json
simple-onnx-processing-tools,sod4onnx
simple-onnx-processing-tools,sne4onnx
simple-onnx-processing-tools,sio4onnx
simple-onnx-processing-tools,sng4onnx
simple-onnx-processing-tools,sog4onnx
simple-onnx-processing-tools,sna4onnx
simple-onnx-processing-tools,onnx-simplifier
simple-onnx-processing-tools,snc4onnx
simple-onnx-processing-tools,sde4onnx
simple-onnx-processing-tools,svs4onnx
simple-onnx-processing-tools,sbi4onnx
simple-onnx-processing-tools,json2onnx
simple-onnx-processing-tools,sor4onnx
simple-onnx-processing-tools,sit4onnx
custom-onnx,recommonmark;
custom-onnx,nbsphinx;
custom-onnx,pytest-check-links;
custom-onnx,ipywidgets>=7.0.0
custom-onnx,sphinx>=1.5;
custom-onnx,pytest>=6.0;
custom-onnx,nbval;
custom-onnx,nbsphinx-link;
custom-onnx,jupyter-sphinx;
custom-onnx,pypandoc;
custom-onnx,pytest-cov;
custom-onnx,sphinx-rtd-theme;
fastinference-onnx,numpy
fastinference-onnx,pillow
fastinference-onnx,onnxruntime-gpu
yolov5-onnx-cv,opencv-python
yolov5-onnx-cv,numpy
onnx4acumos,onnx
onnx4acumos,appdirs
onnx4acumos,zipp
onnx4acumos,protobuf
onnx4acumos,onnxruntime
onnx4acumos,acumos-model-runner
onnx4acumos,typing-inspect
onnx4acumos,requests
onnx4acumos,configparser
onnx4acumos,grpcio
onnx4acumos,acumos
onnx4acumos,filelock
onnx4acumos,numpy
onnx4acumos,dill
paddle2onnx1,protobuf
paddle2onnx1,onnx
paddle2onnx1,six
paddle2onnx1,mypy
onnx-weekly,lintrunner
onnx-weekly,protobuf
onnx-weekly,typing-extensions
onnx-weekly,lintrunner-adapters
onnx-weekly,numpy
onnx-tf,onnx
onnx-tf,tensorflow-addons
onnx-tf,PyYAML
onnx-diff,tabulate
onnx-diff,onnx
onnx-diff,GraKeL
onnx-diff,numpy
onnx-diff,colorama
onnx-mxnet,mxnet
onnx-mxnet,onnx
aad2onnx,skl2onnx
aad2onnx,onnx
aad2onnx,onnxconverter-common
aad2onnx,onnxruntime
onnxoptimizer,onnx
onnxoptimizer,mypy
skl2onnx,onnx
skl2onnx,onnxconverter-common
skl2onnx,scikit-learn
paddle2onnx,mypy
keras2onnx,onnx
keras2onnx,protobuf
keras2onnx,fire
keras2onnx,requests
keras2onnx,onnxconverter-common
keras2onnx,numpy
onnxruntime-openvino,sympy
onnxruntime-openvino,packaging
onnxruntime-openvino,coloredlogs
onnxruntime-openvino,flatbuffers
onnxruntime-openvino,protobuf
onnxruntime-openvino,numpy
onnx-clip,regex
onnx-clip,onnxruntime
onnx-clip,boto3
onnx-clip,pillow
onnx-clip,opencv-python-headless
onnx-clip,numpy
onnx-clip,ftfy
onnx2bnn,onnx
onnx-simplifier,onnx
onnx-simplifier,rich
tf2onnx-xzj,requests
tf2onnx-xzj,numpy
tf2onnx-xzj,six
tf2onnx-xzj,onnx
transformers-onnx,transformers[onnx]
v-ppocr-onnx,pyclipper
v-ppocr-onnx,Pillow
v-ppocr-onnx,requests
v-ppocr-onnx,opencv-python-headless
v-ppocr-onnx,shapely
v-ppocr-onnx,numpy
v-ppocr-onnx,onnxruntime-gpu
onnx-tool,tabulate
onnx-tool,onnx
onnx-tool,numpy
onnxcv,opencv-python
onnxcv,onnxruntime
onnxcv,scikit-image
onnxcv,networkx
onnxcv,Pillow
onnxcv,decorator
onnxcv,numpy
onnxcv,imageio
onnxcv,scipy
onnxcv,PyWavelets
setfitonnx,loguru
setfitonnx,onnx
setfitonnx,onnxruntime
setfitonnx,joblib
setfitonnx,setfit
setfitonnx,skl2onnx
setfitonnx,sclblonnx
instancelib-onnx,gensim
instancelib-onnx,parsec
instancelib-onnx,onnx
instancelib-onnx,onnxmltools
instancelib-onnx,onnxruntime
instancelib-onnx,instancelib
instancelib-onnx,skl2onnx
instancelib-onnx,tables
espnet-onnx,librosa
espnet-onnx,onnxruntime
espnet-onnx,sentencepiece
espnet-onnx,g2p-en
espnet-onnx,PyYAML
espnet-onnx,espnet-tts-frontend
espnet-onnx,six
espnet-onnx,setuptools
espnet-onnx,numpy
espnet-onnx,jamo
espnet-onnx,typeguard
onnx-plaidml,onnx
onnx-plaidml,plaidml
onnx-plaidml,six
onnx-plaidml,click
onnx-plaidml,numpy
onnxmltools,skl2onnx
onnxmltools,numpy
onnxmltools,onnx
onnigiri,onnx
onnigiri,onnx-simplifier
onnigiri,onnxruntime
oneflow-onnx,onnx
oneflow-onnx,onnxruntime
oneflow-onnx,protobuf
oneflow-onnx,onnx-simplifier
oneflow-onnx,six
blackonnx,nnoir-onnx
blackonnx,numpy
blackonnx,onnx
tf2onnx,onnx
tf2onnx,flatbuffers
tf2onnx,requests
tf2onnx,six
tf2onnx,numpy
torch2onnx2trt,onnx
torch2onnx2trt,onnx-simplifier
ppocr-onnx,opencv-python
ppocr-onnx,onnxruntime
ppocr-onnx,pyclipper
ppocr-onnx,pillow
ppocr-onnx,requests
ppocr-onnx,shapely
ppocr-onnx,numpy
funasr-onnx,librosa
funasr-onnx,kaldi-native-fbank
funasr-onnx,onnxruntime
funasr-onnx,PyYAML
funasr-onnx,numpy
funasr-onnx,scipy
funasr-onnx,typeguard
onnx-array-api,numpy
onnx-array-api,scipy
onnx-array-api,onnx
hipe4ml-converter,scikit-learn
hipe4ml-converter,onnxmltools
hipe4ml-converter,flake8
hipe4ml-converter,wheel
hipe4ml-converter,hummingbird-ml[extra]
hipe4ml-converter,ipython
hipe4ml-converter,lightgbm
hipe4ml-converter,dutil
hipe4ml-converter,jedi
hipe4ml-converter,pyarrow
hipe4ml-converter,psutil
hipe4ml-converter,onnxconverter-common
hipe4ml-converter,torch
hipe4ml-converter,pylint
hipe4ml-converter,twine
hipe4ml-converter,hipe4ml
hipe4ml-converter,onnxruntime
hipe4ml-converter,pytest
hipe4ml-converter,prophet
hipe4ml-converter,setuptools
hipe4ml-converter,skl2onnx
nnoir-onnx,onnx
nnoir-onnx,onnxruntime
nnoir-onnx,protobuf
nnoir-onnx,importlib-metadata
nnoir-onnx,nnoir
nnoir-onnx,msgpack
nnoir-onnx,numpy
openml-onnx,openml
openml-onnx,onnx
onnxsim,onnx
onnxsim,rich
onnx,protobuf
onnx,flake8
onnx,typing-extensions
onnx,types-protobuf
onnx,clang-format
onnx,isort[colors]
onnx,numpy
onnx,mypy
onnx,black
kedro-onnx,onnxmltools
kedro-onnx,sklearn
kedro-onnx,myst-parser
kedro-onnx,pytest-mock
kedro-onnx,sphinx-autodoc-typehints
kedro-onnx,pytest-cov
kedro-onnx,numpy
kedro-onnx,sphinx
kedro-onnx,furo
kedro-onnx,onnxconverter-common
kedro-onnx,yapf
kedro-onnx,pre-commit
kedro-onnx,pytest-tmpfs
kedro-onnx,onnxruntime
kedro-onnx,sphinx-autoapi
kedro-onnx,pytest
kedro-onnx,sphinx-copybutton
kedro-onnx,skl2onnx
kedro-onnx,kedro
kedro-onnx,sphinxcontrib-napoleon
onnx2kerastl,keras-data-format-converter
onnx2kerastl,onnx
onnx2kerastl,fvcore
onnx2kerastl,protobuf
onnx2kerastl,tensorflow
onnx2kerastl,tensorflow-addons
onnx2kerastl,numpy
onnx2kerastl,tensorflow-macos
onnx-extended,numpy
onnx-extended,scipy
onnx-extended,onnx
onnx2pytorch,onnx
onnx2pytorch,torch
onnx2pytorch,torchvision
msnhnet-onnx,protobuf
msnhnet-onnx,six
sna4onnx,sog4onnx
irisml-tasks-onnx,irisml
irisml-tasks-onnx,nvidia-cufft-cu11
irisml-tasks-onnx,irisml-tasks-training
irisml-tasks-onnx,nvidia-cuda-runtime-cu11
irisml-tasks-onnx,nvidia-nvtx-cu11
irisml-tasks-onnx,nvidia-curand-cu11
irisml-tasks-onnx,nvidia-cublas-cu11
irisml-tasks-onnx,nvidia-cudnn-cu11
irisml-tasks-onnx,onnxruntime-gpu
deepview-converter-onnx,path
deepview-converter-onnx,tf2onnx
deepview-converter-onnx,tensorflow-hub
deepview-converter-onnx,onnxruntime
deepview-converter-onnx,tensorflow
deepview-converter-onnx,keras2onnx
deepview-converter-onnx,pillow
deepview-converter-onnx,tflite2onnx
sherpa-onnx,numpy
onnx-hameln,numpy
onnx-hameln,networkx
onnx-hameln,onnxoptimizer
onnx-hameln,onnx
