package_name,package_author,package_author_email,package_license,package_dev_status,search_meta
onnx-pytorch,fumihwh,fumihwh@gmail.com,Apache 2.0,,
sam4onnx,Katsuya Hyodo,rmsdh122@yahoo.co.jp,MIT License,,
ngraph-onnx,Intel,intelnervana@intel.com,License :: OSI Approved :: Apache Software License,,
onnx-coreml,ONNX-CoreML Team,onnx-coreml@apple.com,MIT,5 - Production/Stable,
onnx-chainer,Shunta Saito,shunta@preferred.jp,MIT License,,
simple-onnx-processing-tools,Katsuya Hyodo,rmsdh122@yahoo.co.jp,MIT License,,
hsemotion-onnx,Andrey Savchenko,andrey.v.savchenko@gmail.com,Apache-2.0,,
custom-onnx,,nallezard <nicolas.allezard@cea.fr>,"Copyright (c) 2022 nallezard All rights reserved.  Redistribution and use in source and binary forms, with or without modification, are permitted provided that the following conditions are met:  1. Redistributions of source code must retain the above copyright notice, this list of conditions and the following disclaimer.  2. Redistributions in binary form must reproduce the above copyright notice, this list of conditions and the following disclaimer in the documentation and/or other materials provided with the distribution.  3. Neither the name of the copyright holder nor the names of its contributors may be used to endorse or promote products derived from this software without specific prior written permission.  THIS SOFTWARE IS PROVIDED BY THE COPYRIGHT HOLDERS AND CONTRIBUTORS ""AS IS"" AND ANY EXPRESS OR IMPLIED WARRANTIES, INCLUDING, BUT NOT LIMITED TO, THE IMPLIED WARRANTIES OF MERCHANTABILITY AND FITNESS FOR A PARTICULAR PURPOSE ARE DISCLAIMED. IN NO EVENT SHALL THE COPYRIGHT HOLDER OR CONTRIBUTORS BE LIABLE FOR ANY DIRECT, INDIRECT, INCIDENTAL, SPECIAL, EXEMPLARY, OR CONSEQUENTIAL DAMAGES (INCLUDING, BUT NOT LIMITED TO, PROCUREMENT OF SUBSTITUTE GOODS OR SERVICES; LOSS OF USE, DATA, OR PROFITS; OR BUSINESS INTERRUPTION) HOWEVER CAUSED AND ON ANY THEORY OF LIABILITY, WHETHER IN CONTRACT, STRICT LIABILITY, OR TORT (INCLUDING NEGLIGENCE OR OTHERWISE) ARISING IN ANY WAY OUT OF THE USE OF THIS SOFTWARE, EVEN IF ADVISED OF THE POSSIBILITY OF SUCH DAMAGE.",,
fastinference-onnx,Zachary Mueller,muellerzr@gmail.com,Apache Software License 2.0,3 - Alpha,
soa4onnx,Katsuya Hyodo,rmsdh122@yahoo.co.jp,MIT License,,
yolov5-onnx-cv,,BruceYang <brucefay1115@gmail.com>,,,
onnx4acumos,Bruno Lozach,bruno.lozach@orange.com,Apache License 2.0,4 - Beta,
paddle2onnx1,paddle-infer,paddle-infer@baidu.com,Apache 2.0,,
onnx-weekly,ONNX,onnx-technical-discuss@lists.lfaidata.foundation,Apache License v2.0,,
onnx-tf,"Arpith Jacob, Tian Jin, Gheorghe-Teodor Bercea, Wenhao Hu",tian.jin1@ibm.com,Apache License 2.0,,
sne4onnx,Katsuya Hyodo,rmsdh122@yahoo.co.jp,MIT License,,
sng4onnx,Katsuya Hyodo,rmsdh122@yahoo.co.jp,MIT License,,
onnx-diff,magnus,contact@magnus.co.uk,,,
onnx-mxnet,,,Apache 2.0,,
aad2onnx,Matwey V. Kornilov,matwey.kornilov@gmail.com,MIT,,
svs4onnx,Katsuya Hyodo,rmsdh122@yahoo.co.jp,MIT License,,
deepdanbooru-onnx,chinoll,chinoll@chinoll.org,,,
onnxoptimizer,ONNX Optimizer Authors,onnx-technical-discuss@lists.lfai.foundation,Apache License v2.0,,
sor4onnx,Katsuya Hyodo,rmsdh122@yahoo.co.jp,MIT License,,
sit4onnx,Katsuya Hyodo,rmsdh122@yahoo.co.jp,MIT License,,
skl2onnx,ONNX,onnx-technical-discuss@lists.lfaidata.foundation,Apache License v2.0,4 - Beta,
ssi4onnx,Katsuya Hyodo,rmsdh122@yahoo.co.jp,MIT License,,
scs4onnx,Katsuya Hyodo,rmsdh122@yahoo.co.jp,MIT License,,
paddle2onnx,paddle-infer,paddle-infer@baidu.com,Apache 2.0,,
aidkitHW,Hud Wahab,hudwahab@gmail.com,Apache License 2.0,,
keras2onnx,Microsoft Corporation,winmlcvt@microsoft.com,MIT License,4 - Beta,
snd4onnx,Katsuya Hyodo,rmsdh122@yahoo.co.jp,MIT License,,
onnxruntime-openvino,Microsoft Corporation,onnxruntime@microsoft.com,MIT License,5 - Production/Stable,
onnx-clip,Lakera AI,dev@lakera.ai,,,
onnx2bnn,daquexian,daquexian566@gmail.com,,,
caffe2onnx,Valery Asiryan,dmc5mod@yandex.ru,BSD-3,,
onnx-simplifier,ONNX Simplifier Authors,daquexian566@gmail.com,Apache License v2.0,4 - Beta,
tf2onnx-xzj,onnx@microsoft.com,onnx@microsoft.com,,,
snc4onnx,Katsuya Hyodo,rmsdh122@yahoo.co.jp,MIT License,,
transformers-onnx,NLP Connect,ankur310794@gmail.com,,,
v-ppocr-onnx,triwinds,triwinds@foxmail.com,Apache 2.0,4 - Beta,
onnx-tool,Luo Yu,luoyu888888@gmail.com,MIT,,
onnxcv,Ayaz Amin,,,,
setfitonnx,Vimal Babu,personal.vimal@gmail.com,MIT,,
onnx-graphsurgeon,Jonathan Dekhtiar,jdekhtiar@nvidia.com,Apache2,3 - Alpha,
instancelib-onnx,Michiel Bron,m.p.bron@uu.nl,GNU LGPL v3,,
espnet-onnx,Masao Someki,masao.someki@gmail.com,MIT,4 - Beta,
onnx-plaidml,Intel Corporation,eng@vertex.ai,https://www.gnu.org/licenses/agpl-3.0.en.html,3 - Alpha,
onnxmltools,ONNX,onnx-technical-discuss@lists.lfaidata.foundation,Apache License v2.0,4 - Beta,
onnigiri,Idein Inc.,,Apache-2.0,,
tlx2onnx,TLX2ONNX Contributors,tensorlayer@gmail.com,Apache 2.0,3 - Alpha,
oneflow-onnx,zhangxiaoyu,zhangxiaoyu@oneflow.org,Apache 2.0,,
recogni-onnx,,,,,
blackonnx,Idein Inc.,christian@idein.jp,MIT,4 - Beta,
tf2onnx,ONNX,onnx-technical-discuss@lists.lfaidata.foundation,Apache License v2.0,5 - Production/Stable,
ssc4onnx,Katsuya Hyodo,rmsdh122@yahoo.co.jp,MIT License,,
onnx-caffe2,bddppq,jbai@fb.com,,,
onnx-connx-neowine,Chanjin Park,chans@neowine.com,,,
scc4onnx,Katsuya Hyodo,rmsdh122@yahoo.co.jp,MIT License,,
soc4onnx,Katsuya Hyodo,rmsdh122@yahoo.co.jp,MIT License,,
torch2onnx2trt,Vladimir Luchinskiy,,MIT,,
sod4onnx,Katsuya Hyodo,rmsdh122@yahoo.co.jp,MIT License,,
onnx-opcounter,Grigory Malivenko,nerox8664@gmail.com,,,
sog4onnx,Katsuya Hyodo,rmsdh122@yahoo.co.jp,MIT License,,
ppocr-onnx,triwinds,triwinds@foxmail.com,Apache 2.0,4 - Beta,
funasr-onnx,"Speech Lab, Alibaba Group, China",funasr@list.alibaba-inc.com,MIT,,
onnx-array-api,Xavier Dupr�,xavier.dupre@gmail.com,,5 - Production/Stable,
hipe4ml-converter,hipe4ml-developers,hipe4ml@googlegroups.com,GPL,3 - Alpha,
json2onnx,Katsuya Hyodo,rmsdh122@yahoo.co.jp,MIT License,,
nnoir-onnx,Idein Inc.,,MIT,4 - Beta,
openml-onnx,,,BSD 3-clause,,
onnxsim,ONNX Simplifier Authors,daquexian566@gmail.com,Apache License v2.0,4 - Beta,
onnx,ONNX,onnx-technical-discuss@lists.lfaidata.foundation,Apache License v2.0,,
kedro-onnx,nickolasrm,nickolasrochamachado@gmail.com,Apache-2.0,,
onnx-web,ssube,seansube@gmail.com,,,
onnx-vis,sleepingsaint,suryasantosh14523@gmail.com,MIT,,
sed4onnx,Katsuya Hyodo,rmsdh122@yahoo.co.jp,MIT License,,
conversion-onnx,wangyp,562584614@qq.com,MIT Licence,,
onnx2tf,Katsuya Hyodo,rmsdh122@yahoo.co.jp,MIT License,,
onnx2kerastl,dorhar,doron.harnoy@tensorleap.ai,MIT,,
trt2onnx,triplemu,gpu@163.com,,,
onnx2json,Katsuya Hyodo,rmsdh122@yahoo.co.jp,MIT License,,
onnx-extended,Xavier Dupr�,xavier.dupre@gmail.com,,5 - Production/Stable,
sio4onnx,Katsuya Hyodo,rmsdh122@yahoo.co.jp,MIT License,,
onnx2pytorch,Talmaj Marinc,,apache-2.0,,
msnhnet-onnx,zhangxiaoyu,1182563586@qq.com,Apache 2.0,,
sna4onnx,Katsuya Hyodo,rmsdh122@yahoo.co.jp,MIT License,,
irisml-tasks-onnx,irisdev,,MIT,,
deepview-converter-onnx,Au-Zone,support@au-zone.com,PROPRIETARY,,
sde4onnx,Katsuya Hyodo,rmsdh122@yahoo.co.jp,MIT License,,
sherpa-onnx,The sherpa-onnx development team,dpovey@gmail.com,"Apache licensed, as found in the LICENSE file",,
onnx-hameln,irasin,edad811@gmail.com,Apache License 2.0,,
onnx2torch,ENOT LLC,enot@enot.ai,apache-2.0,,
onnx2keras,Grigory Malivenko,nerox8664@gmail.com,MIT,3 - Alpha,
blobhub,BlobHub,developers@blobhub.io,MIT,3 - Alpha,
sbi4onnx,Katsuya Hyodo,rmsdh122@yahoo.co.jp,MIT License,,
ebm2onnx,Romain Picard,romain.picard@softathome.com,"MIT License  Copyright (c) 2021, SoftAtHome  Permission is hereby granted, free of charge, to any person obtaining a copy of this software and associated documentation files (the ""Software""), to deal in the Software without restriction, including without limitation the rights to use, copy, modify, merge, publish, distribute, sublicense, and/or sell copies of the Software, and to permit persons to whom the Software is furnished to do so, subject to the following conditions:  The above copyright notice and this permission notice shall be included in all copies or substantial portions of the Software.  THE SOFTWARE IS PROVIDED ""AS IS"", WITHOUT WARRANTY OF ANY KIND, EXPRESS OR IMPLIED, INCLUDING BUT NOT LIMITED TO THE WARRANTIES OF MERCHANTABILITY, FITNESS FOR A PARTICULAR PURPOSE AND NONINFRINGEMENT. IN NO EVENT SHALL THE AUTHORS OR COPYRIGHT HOLDERS BE LIABLE FOR ANY CLAIM, DAMAGES OR OTHER LIABILITY, WHETHER IN AN ACTION OF CONTRACT, TORT OR OTHERWISE, ARISING FROM, OUT OF OR IN CONNECTION WITH THE SOFTWARE OR THE USE OR OTHER DEALINGS IN THE SOFTWARE.  ",4 - Beta,
torch2onnx,maojiangyun,maojiangyun@163.com,NU General Public License v3.0,,
