{"result": [{"v_id": "django-exchange", "v_type": "Package", "attributes": {"author": "Metglobal", "author_email": "kadir.pekel@metglobal.com", "dev_status": "5 - Production/Stable", "search_meta": ""}}, {"v_id": "Building-Neural-Network", "v_type": "Package", "attributes": {"author": "YOUR NAME", "author_email": "yarafekrii@gmail.com", "dev_status": "3 - Alpha", "search_meta": ""}}, {"v_id": "Easy-Convolutional-Neural-Network", "v_type": "Package", "attributes": {"author": "Hamidou Alix", "author_email": "alix.hamidou@gmail.com", "dev_status": "", "search_meta": ""}}, {"v_id": "aiinpy", "v_type": "Package", "attributes": {"author": "Sean Mabli", "author_email": "seanmabli4@gmail.com", "dev_status": "4 - Beta", "search_meta": ""}}, {"v_id": "neural-compressor", "v_type": "Package", "attributes": {"author": "Intel AIA Team", "author_email": "feng.tian@intel.com, haihao.shen@intel.com, suyue.chen@intel.com", "dev_status": "", "search_meta": ""}}, {"v_id": "renn", "v_type": "Package", "attributes": {"author": "Niru Maheswaranathan", "author_email": "nirum@google.com", "dev_status": "", "search_meta": ""}}, {"v_id": "onnx-coreml", "v_type": "Package", "attributes": {"author": "ONNX-CoreML Team", "author_email": "onnx-coreml@apple.com", "dev_status": "5 - Production/Stable", "search_meta": ""}}, {"v_id": "neural-map", "v_type": "Package", "attributes": {"author": "Franco Jos\u00e9 Bobadilla", "author_email": "1709673@ucc.edu.ar", "dev_status": "", "search_meta": ""}}, {"v_id": "gpg-exchange", "v_type": "Package", "attributes": {"author": "Leon Helwerda", "author_email": "l.s.helwerda@liacs.leidenuniv.nl", "dev_status": "3 - Alpha", "search_meta": ""}}, {"v_id": "graph-tool-nn", "v_type": "Package", "attributes": {"author": "Jan Olszak", "author_email": "janekolszak@gmail.com", "dev_status": "3 - Alpha", "search_meta": ""}}, {"v_id": "Temu-Exchange", "v_type": "Package", "attributes": {"author": "George Temu", "author_email": "georgetemu123@gmail.com", "dev_status": "", "search_meta": ""}}, {"v_id": "steam-exchange", "v_type": "Package", "attributes": {"author": "saltisgood", "author_email": "", "dev_status": "", "search_meta": ""}}, {"v_id": "Artificial-Neural-Network-Classifier", "v_type": "Package", "attributes": {"author": "", "author_email": "Ouedraogo Somkieta Rahim Alex <s.r.a.ouedraogo@gmail.com>", "dev_status": "", "search_meta": ""}}, {"v_id": "zonda-exchange", "v_type": "Package", "attributes": {"author": "", "author_email": "Remigiusz Petrich <remigiusz.petrich@gmail.com>", "dev_status": "1 - Planning", "search_meta": ""}}, {"v_id": "onnx-weekly", "v_type": "Package", "attributes": {"author": "ONNX", "author_email": "onnx-technical-discuss@lists.lfaidata.foundation", "dev_status": "", "search_meta": ""}}, {"v_id": "neural-dream", "v_type": "Package", "attributes": {"author": "ProGamerGov", "author_email": "", "dev_status": "5 - Production/Stable", "search_meta": ""}}, {"v_id": "neural-semigroups", "v_type": "Package", "attributes": {"author": "Boris Shminke", "author_email": "boris@shminke.ml", "dev_status": "7 - Inactive", "search_meta": ""}}, {"v_id": "onnx-tf", "v_type": "Package", "attributes": {"author": "Arpith Jacob, Tian Jin, Gheorghe-Teodor Bercea, Wenhao Hu", "author_email": "tian.jin1@ibm.com", "dev_status": "", "search_meta": ""}}, {"v_id": "queueing-rnn", "v_type": "Package", "attributes": {"author": "bilkosem", "author_email": "bilkos92@gmail.com", "dev_status": "", "search_meta": ""}}, {"v_id": "onnxruntime-noopenmp", "v_type": "Package", "attributes": {"author": "Microsoft Corporation", "author_email": "onnx@microsoft.com", "dev_status": "5 - Production/Stable", "search_meta": ""}}, {"v_id": "OpenNN", "v_type": "Package", "attributes": {"author": "Artificial Intelligence Techchiques SL (Artelnics)", "author_email": "info@opennn.net", "dev_status": "4 - Beta", "search_meta": ""}}, {"v_id": "Neural-Decoding", "v_type": "Package", "attributes": {"author": "", "author_email": "", "dev_status": "", "search_meta": ""}}, {"v_id": "simple-neural", "v_type": "Package", "attributes": {"author": "Roberto Crespo", "author_email": "ra.crespoa@gmail.com", "dev_status": "", "search_meta": ""}}, {"v_id": "easyrec-python", "v_type": "Package", "attributes": {"author": "Zhiwei Xu", "author_email": "zhiweixuchn@gmail.com", "dev_status": "4 - Beta", "search_meta": ""}}, {"v_id": "open-forms-ext-token-exchange", "v_type": "Package", "attributes": {"author": "Maykin Media", "author_email": "support@maykinmedia.nl", "dev_status": "4 - Beta", "search_meta": ""}}, {"v_id": "onnxoptimizer", "v_type": "Package", "attributes": {"author": "ONNX Optimizer Authors", "author_email": "onnx-technical-discuss@lists.lfai.foundation", "dev_status": "", "search_meta": ""}}, {"v_id": "cryptocom-exchange", "v_type": "Package", "attributes": {"author": "Morty Space", "author_email": "morty.space@gmail.com", "dev_status": "", "search_meta": ""}}, {"v_id": "flexible-neural-network", "v_type": "Package", "attributes": {"author": "Mohamed Abdou", "author_email": "matex512@gmail.com", "dev_status": "", "search_meta": ""}}, {"v_id": "estnltk-neural", "v_type": "Package", "attributes": {"author": "University of Tartu", "author_email": "siim.orasmaa@gmail.com, alex.tk.fb@gmail.com, tpetmanson@gmail.com, swen@math.ut.ee", "dev_status": "", "search_meta": ""}}, {"v_id": "exchange-worker", "v_type": "Package", "attributes": {"author": "", "author_email": "", "dev_status": "", "search_meta": ""}}, {"v_id": "namebase-exchange", "v_type": "Package", "attributes": {"author": "Wing Chan", "author_email": "wingyungchan@gmail.com", "dev_status": "", "search_meta": ""}}, {"v_id": "Advanced-Neural-Network", "v_type": "Package", "attributes": {"author": "Hamidou Alix", "author_email": "alix.hamidou@gmail.com", "dev_status": "", "search_meta": ""}}, {"v_id": "open_exchange_rates", "v_type": "Package", "attributes": {"author": "Daniel ter Horst", "author_email": "mail@danielterhorst.nl", "dev_status": "3 - Alpha", "search_meta": ""}}, {"v_id": "analogvnn", "v_type": "Package", "attributes": {"author": "", "author_email": "Vivswan Shah <vivswanshah@pitt.edu>", "dev_status": "5 - Production/Stable", "search_meta": ""}}, {"v_id": "pdenetgen", "v_type": "Package", "attributes": {"author": "Olivier Pannekoucke", "author_email": "olivier.pannekoucke@meteo.fr", "dev_status": "", "search_meta": ""}}, {"v_id": "neural-body", "v_type": "Package", "attributes": {"author": "AstroGators", "author_email": "", "dev_status": "", "search_meta": ""}}, {"v_id": "exchange-api", "v_type": "Package", "attributes": {"author": "Cory Cline, Gabe Rust", "author_email": "", "dev_status": "", "search_meta": ""}}, {"v_id": "currency-open-exchange", "v_type": "Package", "attributes": {"author": "Anton Maistrenko", "author_email": "it2015maistrenko@gmail.com", "dev_status": "2 - Pre-Alpha", "search_meta": ""}}, {"v_id": "fastybird-exchange", "v_type": "Package", "attributes": {"author": "FastyBird", "author_email": "code@fastybird.com", "dev_status": "4 - Beta", "search_meta": ""}}, {"v_id": "ort-nightly-featurizer", "v_type": "Package", "attributes": {"author": "Microsoft Corporation", "author_email": "onnx@microsoft.com", "dev_status": "5 - Production/Stable", "search_meta": ""}}, {"v_id": "privex-exchange", "v_type": "Package", "attributes": {"author": "Chris (Someguy123) @ Privex", "author_email": "chris@privex.io", "dev_status": "", "search_meta": ""}}, {"v_id": "neural-learn", "v_type": "Package", "attributes": {"author": "Edreate", "author_email": "edreate.dev@gmail.com", "dev_status": "", "search_meta": ""}}, {"v_id": "exchange-interface", "v_type": "Package", "attributes": {"author": "Grant miller", "author_email": "grant@grant-miller.com", "dev_status": "", "search_meta": ""}}, {"v_id": "exchange", "v_type": "Package", "attributes": {"author": "Hsiaoming Yang", "author_email": "me@lepture.com", "dev_status": "4 - Beta", "search_meta": ""}}, {"v_id": "neural-pipeline", "v_type": "Package", "attributes": {"author": "Anton Fedotov", "author_email": "anton.fedotov.af@gmail.com.com", "dev_status": "3 - Alpha", "search_meta": ""}}, {"v_id": "artificial-neural-network-model-automation", "v_type": "Package", "attributes": {"author": "Ayberk Yavuz", "author_email": "ayberk.yavuz06@gmail.com", "dev_status": "", "search_meta": ""}}, {"v_id": "neural-booster", "v_type": "Package", "attributes": {"author": "Neural Booster", "author_email": "neural_booster@163.com", "dev_status": "", "search_meta": ""}}, {"v_id": "paper-neural", "v_type": "Package", "attributes": {"author": "wagner", "author_email": "rengaw.luiz@gmail.com", "dev_status": "", "search_meta": ""}}, {"v_id": "neural-boost", "v_type": "Package", "attributes": {"author": "Neural Boost", "author_email": "neural_boost@163.com", "dev_status": "", "search_meta": ""}}, {"v_id": "agent-exchange", "v_type": "Package", "attributes": {"author": "Max Holloway", "author_email": "maxwellpearmanholloway@gmail.com", "dev_status": "", "search_meta": ""}}, {"v_id": "onnxruntime-openmp", "v_type": "Package", "attributes": {"author": "Microsoft Corporation", "author_email": "onnxruntime@microsoft.com", "dev_status": "5 - Production/Stable", "search_meta": ""}}, {"v_id": "currency-exchange", "v_type": "Package", "attributes": {"author": "Vadim Rashkevich", "author_email": "v.rashkevich@godeltech.com", "dev_status": "", "search_meta": ""}}, {"v_id": "open311", "v_type": "Package", "attributes": {"author": "Zach Williams", "author_email": "zach@codeforamerica.org", "dev_status": "5 - Production/Stable", "search_meta": ""}}, {"v_id": "neural", "v_type": "Package", "attributes": {"author": "Prem Nair", "author_email": "prem.q.nair@gmail.com", "dev_status": "2 - Pre-Alpha", "search_meta": ""}}, {"v_id": "ort-gpu-nightly-featurizer", "v_type": "Package", "attributes": {"author": "Microsoft Corporation", "author_email": "onnx@microsoft.com", "dev_status": "5 - Production/Stable", "search_meta": ""}}, {"v_id": "neural-transfer", "v_type": "Package", "attributes": {"author": "CarlosH", "author_email": "iwishtherewasone@gmail.com", "dev_status": "1 - Planning", "search_meta": ""}}, {"v_id": "exchange_rates", "v_type": "Package", "attributes": {"author": "Luke Shiner", "author_email": "luke@lukeshiner.com", "dev_status": "", "search_meta": ""}}, {"v_id": "onnx-caffe2", "v_type": "Package", "attributes": {"author": "bddppq", "author_email": "jbai@fb.com", "dev_status": "", "search_meta": ""}}, {"v_id": "Flask-Exchange", "v_type": "Package", "attributes": {"author": "Jason Scurtu", "author_email": "jscurtu@gmail.com", "dev_status": "5 - Production/Stable", "search_meta": ""}}, {"v_id": "mediaalpha-exchange", "v_type": "Package", "attributes": {"author": "MediaAlpha Engineering", "author_email": "tech@mediaalpha.com", "dev_status": "", "search_meta": ""}}, {"v_id": "neural-diffeqs", "v_type": "Package", "attributes": {"author": "Michael E. Vinyard - Harvard University - Broad Institute of MIT and Harvard - Massachussetts General Hospital", "author_email": "mvinyard@broadinstitute.org", "dev_status": "2 - Pre-Alpha", "search_meta": ""}}, {"v_id": "ort-gpu-nightly-training", "v_type": "Package", "attributes": {"author": "Microsoft Corporation", "author_email": "onnxruntime@microsoft.com", "dev_status": "5 - Production/Stable", "search_meta": ""}}, {"v_id": "Erutils", "v_type": "Package", "attributes": {"author": "Erfan Zare Chavoshi", "author_email": "erfanzare82@yahoo.com", "dev_status": "", "search_meta": ""}}, {"v_id": "neural3d", "v_type": "Package", "attributes": {"author": "", "author_email": "nev <nev@neverix.io>", "dev_status": "", "search_meta": ""}}, {"v_id": "neural-fmri", "v_type": "Package", "attributes": {"author": "Bill Gross", "author_email": "bill.gross@me.com", "dev_status": "3 - Alpha", "search_meta": ""}}, {"v_id": "ngshare-exchange", "v_type": "Package", "attributes": {"author": "Team KALE", "author_email": "ercli@ucdavis.edu", "dev_status": "", "search_meta": ""}}, {"v_id": "exchange2org", "v_type": "Package", "attributes": {"author": "Karl Voit", "author_email": "tools@Karl-Voit.at", "dev_status": "5 - Production/Stable", "search_meta": ""}}, {"v_id": "neural-code", "v_type": "Package", "attributes": {"author": "Jack Kilgallen", "author_email": "jkilgallen@protonmail.com", "dev_status": "2 - Pre-Alpha", "search_meta": ""}}, {"v_id": "neural-style", "v_type": "Package", "attributes": {"author": "ProGamerGov", "author_email": "", "dev_status": "5 - Production/Stable", "search_meta": ""}}, {"v_id": "neural-chat", "v_type": "Package", "attributes": {"author": "Verve", "author_email": "<verve_is_god@protonmail.com>", "dev_status": "4 - Beta", "search_meta": ""}}, {"v_id": "graphesn", "v_type": "Package", "attributes": {"author": "Domenico Tortorella, Danilo Numeroso, Alessio Gravina", "author_email": "d.tortorella@phd.unipi.it, d.numeroso@phd.unipi.it, a.gravina@phd.unipi.it", "dev_status": "", "search_meta": ""}}, {"v_id": "open511", "v_type": "Package", "attributes": {"author": "Michael Mulley", "author_email": "open511@opennorth.ca", "dev_status": "4 - Beta", "search_meta": ""}}, {"v_id": "Titanicbc", "v_type": "Package", "attributes": {"author": "Christopher Burton", "author_email": "chrisburton279@gmail.com", "dev_status": "", "search_meta": ""}}, {"v_id": "neural-mmo", "v_type": "Package", "attributes": {"author": "Joseph Suarez", "author_email": "sealsuarez@gmail.com", "dev_status": "3 - Alpha", "search_meta": ""}}, {"v_id": "exchange-calendars", "v_type": "Package", "attributes": {"author": "Gerry Manoim", "author_email": "gerrymanoim@gmail.com", "dev_status": "4 - Beta", "search_meta": ""}}, {"v_id": "neural-network-from-scratch", "v_type": "Package", "attributes": {"author": "xrsrke", "author_email": "xariusdrake@hotmail.com", "dev_status": "4 - Beta", "search_meta": ""}}, {"v_id": "Dendrite-Neural-Network", "v_type": "Package", "attributes": {"author": "", "author_email": "", "dev_status": "", "search_meta": ""}}, {"v_id": "dextrusion", "v_type": "Package", "attributes": {"author": "Ga\u00eblle Letort and Alexis Villars", "author_email": "", "dev_status": "", "search_meta": ""}}, {"v_id": "neural-tangents", "v_type": "Package", "attributes": {"author": "Neural Tangents", "author_email": "neural-tangents-dev@google.com", "dev_status": "4 - Beta", "search_meta": ""}}, {"v_id": "network", "v_type": "Package", "attributes": {"author": "Andrew Mulholland", "author_email": "gbaman@users.noreply.github.com", "dev_status": "", "search_meta": ""}}, {"v_id": "neural-search", "v_type": "Package", "attributes": {"author": "Jina Dev Team", "author_email": "dev-team@jina.ai", "dev_status": "5 - Production/Stable", "search_meta": ""}}, {"v_id": "neural-tools", "v_type": "Package", "attributes": {"author": "ProGamerGov", "author_email": "", "dev_status": "5 - Production/Stable", "search_meta": ""}}, {"v_id": "neural-lib", "v_type": "Package", "attributes": {"author": "", "author_email": "", "dev_status": "", "search_meta": ""}}, {"v_id": "noelnetwork", "v_type": "Package", "attributes": {"author": "Noel Friedrich", "author_email": "noel.friedrich@outlook.de", "dev_status": "", "search_meta": ""}}, {"v_id": "neural-art", "v_type": "Package", "attributes": {"author": "Soumendra Dhanee", "author_email": "soumendra@gmail.com", "dev_status": "", "search_meta": ""}}, {"v_id": "tyxe", "v_type": "Package", "attributes": {"author": "['Hippolyt Ritter', 'Theofanis Karaletsos']", "author_email": "j.ritter@cs.ucl.ac.uk", "dev_status": "4 - Beta", "search_meta": ""}}, {"v_id": "open-1688", "v_type": "Package", "attributes": {"author": "l3n641", "author_email": "hh250@qq.com", "dev_status": "", "search_meta": ""}}, {"v_id": "Abstract-Exchange", "v_type": "Package", "attributes": {"author": "moala takhtdar", "author_email": "", "dev_status": "", "search_meta": ""}}, {"v_id": "kassandra", "v_type": "Package", "attributes": {"author": "James Montgomery", "author_email": "jamesoneillmontgomery@gmail.com", "dev_status": "", "search_meta": ""}}, {"v_id": "chives-exchange", "v_type": "Package", "attributes": {"author": "Ganyu \"Bruce\" Xu", "author_email": "xuganyu96@gmail.com", "dev_status": "", "search_meta": ""}}, {"v_id": "mlp-image-classifier", "v_type": "Package", "attributes": {"author": "Ann Crabb\u00e9", "author_email": "acrabbe.foss@gmail.com", "dev_status": "", "search_meta": ""}}, {"v_id": "neural-lifetimes", "v_type": "Package", "attributes": {"author": "Wise", "author_email": "", "dev_status": "", "search_meta": ""}}, {"v_id": "neural-admixture", "v_type": "Package", "attributes": {"author": "Albert Dominguez Mantes", "author_email": "albert.dominguezmantes@epfl.ch", "dev_status": "5 - Production/Stable", "search_meta": ""}}, {"v_id": "neural-python", "v_type": "Package", "attributes": {"author": "Yurii Shevhcuk", "author_email": "mail@itdxer.com", "dev_status": "", "search_meta": ""}}, {"v_id": "neural-ilt", "v_type": "Package", "attributes": {"author": "", "author_email": "", "dev_status": "", "search_meta": ""}}, {"v_id": "miind", "v_type": "Package", "attributes": {"author": "", "author_email": "", "dev_status": "", "search_meta": ""}}, {"v_id": "neural-network-renderer", "v_type": "Package", "attributes": {"author": "Jean Demeusy", "author_email": "dev.jdu@gmail.com", "dev_status": "", "search_meta": ""}}], "Package_Dependency": [{"package": "Easy-Convolutional-Neural-Network", "dependency": "numpy"}, {"package": "Easy-Convolutional-Neural-Network", "dependency": "pytest"}, {"package": "neural-compressor", "dependency": "py-cpuinfo"}, {"package": "neural-compressor", "dependency": "opencv-python"}, {"package": "neural-compressor", "dependency": "scikit-learn"}, {"package": "neural-compressor", "dependency": "schema"}, {"package": "neural-compressor", "dependency": "psutil"}, {"package": "neural-compressor", "dependency": "prettytable"}, {"package": "neural-compressor", "dependency": "deprecated"}, {"package": "neural-compressor", "dependency": "pandas"}, {"package": "neural-compressor", "dependency": "Pillow"}, {"package": "neural-compressor", "dependency": "requests"}, {"package": "neural-compressor", "dependency": "pycocotools"}, {"package": "neural-compressor", "dependency": "pyyaml"}, {"package": "neural-compressor", "dependency": "numpy"}, {"package": "renn", "dependency": "sklearn"}, {"package": "renn", "dependency": "tensorflow"}, {"package": "renn", "dependency": "tqdm"}, {"package": "renn", "dependency": "jax"}, {"package": "renn", "dependency": "msgpack"}, {"package": "renn", "dependency": "jaxlib"}, {"package": "renn", "dependency": "tensorflow-text"}, {"package": "renn", "dependency": "numpy"}, {"package": "renn", "dependency": "tfds-nightly"}, {"package": "onnx-coreml", "dependency": "sympy"}, {"package": "onnx-coreml", "dependency": "onnx"}, {"package": "onnx-coreml", "dependency": "typing"}, {"package": "onnx-coreml", "dependency": "typing-extensions"}, {"package": "onnx-coreml", "dependency": "coremltools"}, {"package": "onnx-coreml", "dependency": "click"}, {"package": "onnx-coreml", "dependency": "numpy"}, {"package": "gpg-exchange", "dependency": "gpg"}, {"package": "steam-exchange", "dependency": "flake8"}, {"package": "steam-exchange", "dependency": "types-requests"}, {"package": "steam-exchange", "dependency": "pytest"}, {"package": "steam-exchange", "dependency": "mkdocs"}, {"package": "steam-exchange", "dependency": "requests"}, {"package": "steam-exchange", "dependency": "gitchangelog"}, {"package": "steam-exchange", "dependency": "coverage"}, {"package": "steam-exchange", "dependency": "codecov"}, {"package": "steam-exchange", "dependency": "pytest-cov"}, {"package": "steam-exchange", "dependency": "isort"}, {"package": "steam-exchange", "dependency": "mypy"}, {"package": "steam-exchange", "dependency": "black"}, {"package": "Artificial-Neural-Network-Classifier", "dependency": "numpy"}, {"package": "Artificial-Neural-Network-Classifier", "dependency": "importlib-metadata"}, {"package": "onnx-weekly", "dependency": "lintrunner"}, {"package": "onnx-weekly", "dependency": "protobuf"}, {"package": "onnx-weekly", "dependency": "typing-extensions"}, {"package": "onnx-weekly", "dependency": "lintrunner-adapters"}, {"package": "onnx-weekly", "dependency": "numpy"}, {"package": "neural-dream", "dependency": "pillow"}, {"package": "neural-dream", "dependency": "torch"}, {"package": "neural-dream", "dependency": "torchvision"}, {"package": "neural-semigroups", "dependency": "tensorboard"}, {"package": "neural-semigroups", "dependency": "torch"}, {"package": "neural-semigroups", "dependency": "tqdm"}, {"package": "neural-semigroups", "dependency": "pytorch-ignite"}, {"package": "onnx-tf", "dependency": "onnx"}, {"package": "onnx-tf", "dependency": "tensorflow-addons"}, {"package": "onnx-tf", "dependency": "PyYAML"}, {"package": "onnxruntime-noopenmp", "dependency": "protobuf"}, {"package": "onnxruntime-noopenmp", "dependency": "numpy"}, {"package": "OpenNN", "dependency": "CMake"}, {"package": "Neural-Decoding", "dependency": "numpy"}, {"package": "simple-neural", "dependency": "numpy"}, {"package": "simple-neural", "dependency": "wheel"}, {"package": "open-forms-ext-token-exchange", "dependency": "twine"}, {"package": "open-forms-ext-token-exchange", "dependency": "furl"}, {"package": "open-forms-ext-token-exchange", "dependency": "django"}, {"package": "open-forms-ext-token-exchange", "dependency": "pytest-django"}, {"package": "open-forms-ext-token-exchange", "dependency": "sphinx"}, {"package": "open-forms-ext-token-exchange", "dependency": "flake8"}, {"package": "open-forms-ext-token-exchange", "dependency": "bumpversion"}, {"package": "open-forms-ext-token-exchange", "dependency": "zgw-consumers"}, {"package": "open-forms-ext-token-exchange", "dependency": "pytest"}, {"package": "open-forms-ext-token-exchange", "dependency": "pytest-cov"}, {"package": "open-forms-ext-token-exchange", "dependency": "sphinx-rtd-theme"}, {"package": "open-forms-ext-token-exchange", "dependency": "isort"}, {"package": "open-forms-ext-token-exchange", "dependency": "black"}, {"package": "onnxoptimizer", "dependency": "onnx"}, {"package": "onnxoptimizer", "dependency": "mypy"}, {"package": "cryptocom-exchange", "dependency": "aiolimiter"}, {"package": "cryptocom-exchange", "dependency": "async-timeout"}, {"package": "cryptocom-exchange", "dependency": "cached-property"}, {"package": "cryptocom-exchange", "dependency": "websockets"}, {"package": "cryptocom-exchange", "dependency": "httpx"}, {"package": "estnltk-neural", "dependency": "packaging"}, {"package": "estnltk-neural", "dependency": "torch"}, {"package": "estnltk-neural", "dependency": "estnltk-core"}, {"package": "estnltk-neural", "dependency": "tensorflow"}, {"package": "estnltk-neural", "dependency": "stanza"}, {"package": "estnltk-neural", "dependency": "transformers"}, {"package": "estnltk-neural", "dependency": "estnltk"}, {"package": "namebase-exchange", "dependency": "requests"}, {"package": "Advanced-Neural-Network", "dependency": "pytest"}, {"package": "analogvnn", "dependency": "sphinxcontrib-katex"}, {"package": "analogvnn", "dependency": "flake8"}, {"package": "analogvnn", "dependency": "dataclasses"}, {"package": "analogvnn", "dependency": "flake8-executable"}, {"package": "analogvnn", "dependency": "build"}, {"package": "analogvnn", "dependency": "flit"}, {"package": "analogvnn", "dependency": "sphinx-inline-tabs"}, {"package": "analogvnn", "dependency": "graphviz"}, {"package": "analogvnn", "dependency": "flake8-bugbear"}, {"package": "analogvnn", "dependency": "numpy>=1.16.5"}, {"package": "analogvnn", "dependency": "flake8-coding"}, {"package": "analogvnn", "dependency": "furo"}, {"package": "analogvnn", "dependency": "flake8-docstrings"}, {"package": "analogvnn", "dependency": "tensorboard"}, {"package": "analogvnn", "dependency": "sphinx-notfound-page"}, {"package": "analogvnn", "dependency": "sphinx-rtd-theme"}, {"package": "analogvnn", "dependency": "flake8-comprehensions"}, {"package": "analogvnn", "dependency": "sphinxext-opengraph"}, {"package": "analogvnn", "dependency": "flake8-quotes"}, {"package": "analogvnn", "dependency": "tensorflow"}, {"package": "analogvnn", "dependency": "rst-to-myst[sphinx]"}, {"package": "analogvnn", "dependency": "johnnydep"}, {"package": "analogvnn", "dependency": "flake8-deprecated"}, {"package": "analogvnn", "dependency": "twine"}, {"package": "analogvnn", "dependency": "torchinfo"}, {"package": "analogvnn", "dependency": "sphinx-autoapi"}, {"package": "analogvnn", "dependency": "networkx"}, {"package": "analogvnn", "dependency": "analogvnn[flake8]"}, {"package": "analogvnn", "dependency": "sphinx-copybutton"}, {"package": "analogvnn", "dependency": "myst_parser"}, {"package": "analogvnn", "dependency": "importlib-metadata<5.0.0,>=2.0.0;"}, {"package": "analogvnn", "dependency": "sphinx>=4.2.0"}, {"package": "analogvnn", "dependency": "flake8-return"}, {"package": "analogvnn", "dependency": "setuptools>=61.0.0"}, {"package": "analogvnn", "dependency": "analogvnn[full,dev,doc,test]"}, {"package": "analogvnn", "dependency": "scipy"}, {"package": "analogvnn", "dependency": "sphinx-autobuild"}, {"package": "fastybird-exchange", "dependency": "fastybird-metadata"}, {"package": "fastybird-exchange", "dependency": "setuptools"}, {"package": "fastybird-exchange", "dependency": "kink"}, {"package": "ort-nightly-featurizer", "dependency": "protobuf"}, {"package": "ort-nightly-featurizer", "dependency": "numpy"}, {"package": "privex-exchange", "dependency": "twine"}, {"package": "privex-exchange", "dependency": "privex-steemengine"}, {"package": "privex-exchange", "dependency": "privex-helpers[cache]"}, {"package": "privex-exchange", "dependency": "pytest-asyncio"}, {"package": "privex-exchange", "dependency": "wheel"}, {"package": "privex-exchange", "dependency": "async-property"}, {"package": "privex-exchange", "dependency": "privex-helpers[dev]"}, {"package": "privex-exchange", "dependency": "pytest"}, {"package": "privex-exchange", "dependency": "attrs"}, {"package": "privex-exchange", "dependency": "coverage"}, {"package": "privex-exchange", "dependency": "nest-asyncio"}, {"package": "privex-exchange", "dependency": "setuptools"}, {"package": "privex-exchange", "dependency": "pytest-cov"}, {"package": "privex-exchange", "dependency": "httpx"}, {"package": "privex-exchange", "dependency": "codecov"}, {"package": "privex-exchange", "dependency": "jupyter"}, {"package": "exchange-interface", "dependency": "calendar-base"}, {"package": "exchange-interface", "dependency": "requests"}, {"package": "neural-pipeline", "dependency": "numpy"}, {"package": "neural-pipeline", "dependency": "torch"}, {"package": "neural-pipeline", "dependency": "tqdm"}, {"package": "artificial-neural-network-model-automation", "dependency": "Keras"}, {"package": "artificial-neural-network-model-automation", "dependency": "sklearn"}, {"package": "artificial-neural-network-model-automation", "dependency": "joblib"}, {"package": "artificial-neural-network-model-automation", "dependency": "pydot"}, {"package": "artificial-neural-network-model-automation", "dependency": "tensorflow"}, {"package": "artificial-neural-network-model-automation", "dependency": "pandas"}, {"package": "artificial-neural-network-model-automation", "dependency": "numpy"}, {"package": "paper-neural", "dependency": "numpy"}, {"package": "paper-neural", "dependency": "torch"}, {"package": "paper-neural", "dependency": "Pillow"}, {"package": "agent-exchange", "dependency": "numpy"}, {"package": "agent-exchange", "dependency": "pandas"}, {"package": "onnxruntime-openmp", "dependency": "protobuf"}, {"package": "onnxruntime-openmp", "dependency": "numpy"}, {"package": "currency-exchange", "dependency": "pytest"}, {"package": "currency-exchange", "dependency": "requests"}, {"package": "ort-gpu-nightly-featurizer", "dependency": "protobuf"}, {"package": "ort-gpu-nightly-featurizer", "dependency": "numpy"}, {"package": "Flask-Exchange", "dependency": "urllib3"}, {"package": "Flask-Exchange", "dependency": "flask"}, {"package": "Flask-Exchange", "dependency": "exchangelib"}, {"package": "neural-diffeqs", "dependency": "torch-composer"}, {"package": "neural-diffeqs", "dependency": "torch"}, {"package": "ort-gpu-nightly-training", "dependency": "protobuf"}, {"package": "ort-gpu-nightly-training", "dependency": "numpy"}, {"package": "Erutils", "dependency": "onnxruntime"}, {"package": "Erutils", "dependency": "nltk"}, {"package": "Erutils", "dependency": "torchaudio"}, {"package": "Erutils", "dependency": "torchtext"}, {"package": "Erutils", "dependency": "PyYAML"}, {"package": "Erutils", "dependency": "pandas"}, {"package": "Erutils", "dependency": "numba"}, {"package": "Erutils", "dependency": "thop"}, {"package": "Erutils", "dependency": "torchvision"}, {"package": "Erutils", "dependency": "matplotlib"}, {"package": "Erutils", "dependency": "numpy"}, {"package": "Erutils", "dependency": "json5"}, {"package": "neural3d", "dependency": "requests"}, {"package": "ngshare-exchange", "dependency": "jupyter-core"}, {"package": "ngshare-exchange", "dependency": "rapidfuzz"}, {"package": "ngshare-exchange", "dependency": "nbgrader"}, {"package": "ngshare-exchange", "dependency": "traitlets"}, {"package": "exchange2org", "dependency": "exchangelib"}, {"package": "neural-style", "dependency": "pillow"}, {"package": "neural-style", "dependency": "torch"}, {"package": "neural-style", "dependency": "torchvision"}, {"package": "Titanicbc", "dependency": "matplotlib"}, {"package": "Titanicbc", "dependency": "docutils"}, {"package": "Titanicbc", "dependency": "torch"}, {"package": "Titanicbc", "dependency": "pandas"}, {"package": "neural-mmo", "dependency": "setproctitle"}, {"package": "neural-mmo", "dependency": "torch"}, {"package": "neural-mmo", "dependency": "Twisted"}, {"package": "neural-mmo", "dependency": "autobahn"}, {"package": "neural-mmo", "dependency": "ray[rllib]"}, {"package": "neural-mmo", "dependency": "tensorflow"}, {"package": "neural-mmo", "dependency": "tqdm"}, {"package": "neural-mmo", "dependency": "dm-tree"}, {"package": "neural-mmo", "dependency": "gym"}, {"package": "neural-mmo", "dependency": "fire"}, {"package": "neural-mmo", "dependency": "vec-noise"}, {"package": "neural-mmo", "dependency": "matplotlib"}, {"package": "neural-mmo", "dependency": "sphinx-rtd-theme"}, {"package": "neural-mmo", "dependency": "bokeh"}, {"package": "neural-mmo", "dependency": "imageio"}, {"package": "onnx", "dependency": "protobuf"}, {"package": "onnx", "dependency": "flake8"}, {"package": "onnx", "dependency": "typing-extensions"}, {"package": "onnx", "dependency": "types-protobuf"}, {"package": "onnx", "dependency": "clang-format"}, {"package": "onnx", "dependency": "isort[colors]"}, {"package": "onnx", "dependency": "numpy"}, {"package": "onnx", "dependency": "mypy"}, {"package": "onnx", "dependency": "black"}, {"package": "exchange-calendars", "dependency": "python-dateutil"}, {"package": "exchange-calendars", "dependency": "pyluach"}, {"package": "exchange-calendars", "dependency": "pytz"}, {"package": "exchange-calendars", "dependency": "flake8"}, {"package": "exchange-calendars", "dependency": "pandas"}, {"package": "exchange-calendars", "dependency": "hypothesis"}, {"package": "exchange-calendars", "dependency": "pytest"}, {"package": "exchange-calendars", "dependency": "pytest-benchmark"}, {"package": "exchange-calendars", "dependency": "pytest-xdist"}, {"package": "exchange-calendars", "dependency": "pip-tools"}, {"package": "exchange-calendars", "dependency": "toolz"}, {"package": "exchange-calendars", "dependency": "numpy"}, {"package": "exchange-calendars", "dependency": "korean-lunar-calendar"}, {"package": "dextrusion", "dependency": "roifile"}, {"package": "dextrusion", "dependency": "opencv-python"}, {"package": "dextrusion", "dependency": "scikit-learn"}, {"package": "dextrusion", "dependency": "scikit-image"}, {"package": "dextrusion", "dependency": "protobuf"}, {"package": "dextrusion", "dependency": "tensorflow"}, {"package": "dextrusion", "dependency": "tifffile"}, {"package": "dextrusion", "dependency": "ipython"}, {"package": "dextrusion", "dependency": "matplotlib"}, {"package": "dextrusion", "dependency": "numpy"}, {"package": "dextrusion", "dependency": "scipy"}, {"package": "neural-tangents", "dependency": "tf2jax"}, {"package": "neural-tangents", "dependency": "more-itertools"}, {"package": "neural-tangents", "dependency": "typing-extensions"}, {"package": "neural-tangents", "dependency": "jax"}, {"package": "neural-tangents", "dependency": "frozendict"}, {"package": "neural-tangents", "dependency": "tensorflow-datasets"}, {"package": "neural-tangents", "dependency": "flax"}, {"package": "neural-tools", "dependency": "scikit-image"}, {"package": "neural-tools", "dependency": "pillow"}, {"package": "neural-tools", "dependency": "numpy"}, {"package": "neural-tools", "dependency": "imageio"}, {"package": "neural-tools", "dependency": "scipy"}, {"package": "neural-art", "dependency": "scikit-learn"}, {"package": "neural-art", "dependency": "streamlit"}, {"package": "neural-art", "dependency": "boto"}, {"package": "neural-art", "dependency": "hyperdash"}, {"package": "neural-art", "dependency": "seaborn"}, {"package": "neural-art", "dependency": "scikit-image"}, {"package": "neural-art", "dependency": "split_folders"}, {"package": "neural-art", "dependency": "pandas"}, {"package": "neural-art", "dependency": "tqdm"}, {"package": "neural-art", "dependency": "pillow"}, {"package": "neural-art", "dependency": "opencv-python"}, {"package": "neural-art", "dependency": "boto3"}, {"package": "neural-art", "dependency": "tensorflow"}, {"package": "neural-art", "dependency": "loguru"}, {"package": "neural-art", "dependency": "py3nvml"}, {"package": "neural-art", "dependency": "click"}, {"package": "neural-art", "dependency": "plot_keras_history"}, {"package": "neural-art", "dependency": "attrdict"}, {"package": "neural-art", "dependency": "cifar2png"}, {"package": "tyxe", "dependency": "torch"}, {"package": "tyxe", "dependency": "pyro-ppl"}, {"package": "tyxe", "dependency": "torchvision"}, {"package": "kassandra", "dependency": "seaborn"}, {"package": "kassandra", "dependency": "pylint"}, {"package": "kassandra", "dependency": "tensorflow"}, {"package": "kassandra", "dependency": "tensorflow-probability"}, {"package": "kassandra", "dependency": "coverage"}, {"package": "kassandra", "dependency": "nose"}, {"package": "kassandra", "dependency": "matplotlib"}, {"package": "kassandra", "dependency": "numpy"}, {"package": "kassandra", "dependency": "scipy"}, {"package": "chives-exchange", "dependency": "pika"}, {"package": "chives-exchange", "dependency": "flask-login"}, {"package": "chives-exchange", "dependency": "Babel"}, {"package": "chives-exchange", "dependency": "pandas"}, {"package": "chives-exchange", "dependency": "Flask"}, {"package": "chives-exchange", "dependency": "pytest"}, {"package": "chives-exchange", "dependency": "SQLAlchemy"}, {"package": "chives-exchange", "dependency": "requests"}, {"package": "chives-exchange", "dependency": "flask-wtf"}, {"package": "chives-exchange", "dependency": "pymysql"}, {"package": "chives-exchange", "dependency": "cryptography"}, {"package": "neural-lifetimes", "dependency": "scikit-learn"}, {"package": "neural-lifetimes", "dependency": "botocore"}, {"package": "neural-lifetimes", "dependency": "flake8"}, {"package": "neural-lifetimes", "dependency": "pytest-cov"}, {"package": "neural-lifetimes", "dependency": "numpy"}, {"package": "neural-lifetimes", "dependency": "pyarrow"}, {"package": "neural-lifetimes", "dependency": "sphinx"}, {"package": "neural-lifetimes", "dependency": "torchmetrics"}, {"package": "neural-lifetimes", "dependency": "pandas"}, {"package": "neural-lifetimes", "dependency": "pytorch-lightning"}, {"package": "neural-lifetimes", "dependency": "tqdm"}, {"package": "neural-lifetimes", "dependency": "flake8-docstrings"}, {"package": "neural-lifetimes", "dependency": "clickhouse-driver"}, {"package": "neural-lifetimes", "dependency": "matplotlib"}, {"package": "neural-lifetimes", "dependency": "sphinx-rtd-theme"}, {"package": "neural-lifetimes", "dependency": "black"}, {"package": "neural-lifetimes", "dependency": "python-snappy"}, {"package": "neural-lifetimes", "dependency": "torch"}, {"package": "neural-lifetimes", "dependency": "boto3"}, {"package": "neural-lifetimes", "dependency": "ctgan"}, {"package": "neural-lifetimes", "dependency": "rdt"}, {"package": "neural-lifetimes", "dependency": "cloudpickle"}, {"package": "neural-lifetimes", "dependency": "deepecho"}, {"package": "neural-lifetimes", "dependency": "sdv"}, {"package": "neural-lifetimes", "dependency": "nbsphinx-link"}, {"package": "neural-lifetimes", "dependency": "SQLAlchemy"}, {"package": "neural-lifetimes", "dependency": "pytest"}, {"package": "neural-lifetimes", "dependency": "click"}, {"package": "neural-lifetimes", "dependency": "plotly"}, {"package": "neural-lifetimes", "dependency": "vaex"}, {"package": "neural-lifetimes", "dependency": "scipy"}, {"package": "neural-lifetimes", "dependency": "nbsphinx"}, {"package": "neural-admixture", "dependency": "scikit-learn"}, {"package": "neural-admixture", "dependency": "pytest-mock"}, {"package": "neural-admixture", "dependency": "py-pcha"}, {"package": "neural-admixture", "dependency": "pytest-cov"}, {"package": "neural-admixture", "dependency": "numpy"}, {"package": "neural-admixture", "dependency": "scikit-allel"}, {"package": "neural-admixture", "dependency": "h5py"}, {"package": "neural-admixture", "dependency": "tox"}, {"package": "neural-admixture", "dependency": "pandas"}, {"package": "neural-admixture", "dependency": "pandas-plink"}, {"package": "neural-admixture", "dependency": "matplotlib"}, {"package": "neural-admixture", "dependency": "torch"}, {"package": "neural-admixture", "dependency": "dask"}, {"package": "neural-admixture", "dependency": "Cython"}, {"package": "neural-admixture", "dependency": "codetiming"}, {"package": "neural-admixture", "dependency": "dask-ml"}, {"package": "neural-admixture", "dependency": "pytest"}, {"package": "neural-admixture", "dependency": "setuptools"}, {"package": "neural-admixture", "dependency": "configargparse"}, {"package": "neural-admixture", "dependency": "wandb"}, {"package": "miind", "dependency": "numpy"}, {"package": "miind", "dependency": "matplotlib"}, {"package": "miind", "dependency": "shapely"}, {"package": "miind", "dependency": "descartes"}, {"package": "miind", "dependency": "scipy"}], "Package_License": [{"package": "django-exchange", "license": "MIT"}, {"package": "Building-Neural-Network", "license": "MIT"}, {"package": "Easy-Convolutional-Neural-Network", "license": ""}, {"package": "aiinpy", "license": "MIT"}, {"package": "neural-compressor", "license": "Apache 2.0"}, {"package": "renn", "license": "Apache-2.0"}, {"package": "onnx-coreml", "license": "MIT"}, {"package": "neural-map", "license": "MIT"}, {"package": "gpg-exchange", "license": "GPL3+"}, {"package": "graph-tool-nn", "license": "GNU General Public License v3 (GPLv3)"}, {"package": "Temu-Exchange", "license": ""}, {"package": "steam-exchange", "license": ""}, {"package": "Artificial-Neural-Network-Classifier", "license": ""}, {"package": "zonda-exchange", "license": ""}, {"package": "onnx-weekly", "license": "Apache License v2.0"}, {"package": "neural-dream", "license": ""}, {"package": "neural-semigroups", "license": "Apache-2.0"}, {"package": "onnx-tf", "license": "Apache License 2.0"}, {"package": "queueing-rnn", "license": ""}, {"package": "onnxruntime-noopenmp", "license": "MIT License"}, {"package": "OpenNN", "license": ""}, {"package": "Neural-Decoding", "license": "BSD 3-Clause License"}, {"package": "simple-neural", "license": ""}, {"package": "easyrec-python", "license": "MIT License"}, {"package": "open-forms-ext-token-exchange", "license": "MIT"}, {"package": "onnxoptimizer", "license": "Apache License v2.0"}, {"package": "cryptocom-exchange", "license": "MIT"}, {"package": "flexible-neural-network", "license": ""}, {"package": "estnltk-neural", "license": "GPLv2"}, {"package": "exchange-worker", "license": ""}, {"package": "namebase-exchange", "license": ""}, {"package": "Advanced-Neural-Network", "license": ""}, {"package": "open_exchange_rates", "license": "GNU General Public License v2 (GPLv2)"}, {"package": "analogvnn", "license": ""}, {"package": "pdenetgen", "license": ""}, {"package": "neural-body", "license": ""}, {"package": "exchange-api", "license": "LICENSE"}, {"package": "currency-open-exchange", "license": "BSD"}, {"package": "fastybird-exchange", "license": "Apache Software License (Apache Software License 2.0)"}, {"package": "ort-nightly-featurizer", "license": "MIT License"}, {"package": "privex-exchange", "license": "MIT"}, {"package": "neural-learn", "license": ""}, {"package": "exchange-interface", "license": "PSF"}, {"package": "exchange", "license": "BSD"}, {"package": "neural-pipeline", "license": ""}, {"package": "artificial-neural-network-model-automation", "license": "MIT"}, {"package": "neural-booster", "license": "Apache 2.0"}, {"package": "paper-neural", "license": ""}, {"package": "neural-boost", "license": "Apache 2.0"}, {"package": "agent-exchange", "license": ""}, {"package": "onnxruntime-openmp", "license": "MIT License"}, {"package": "currency-exchange", "license": ""}, {"package": "open311", "license": "BSD"}, {"package": "neural", "license": "BSD"}, {"package": "ort-gpu-nightly-featurizer", "license": "MIT License"}, {"package": "neural-transfer", "license": ""}, {"package": "exchange_rates", "license": ""}, {"package": "onnx-caffe2", "license": ""}, {"package": "Flask-Exchange", "license": "MIT"}, {"package": "mediaalpha-exchange", "license": ""}, {"package": "neural-diffeqs", "license": "MIT"}, {"package": "ort-gpu-nightly-training", "license": "MIT License"}, {"package": "Erutils", "license": "Apache License 2.0"}, {"package": "neural3d", "license": "GNU AFFERO GENERAL PUBLIC LICENSE Version 3, 19 November 2007  Copyright (C) 2007 Free Software Foundation, Inc. <https://fsf.org/> Everyone is permitted to copy and distribute verbatim copies of this license document, but changing it is not allowed.  Preamble  The GNU Affero General Public License is a free, copyleft license for software and other kinds of works, specifically designed to ensure cooperation with the community in the case of network server software.  The licenses for most software and other practical works are designed to take away your freedom to share and change the works.  By contrast, our General Public Licenses are intended to guarantee your freedom to share and change all versions of a program--to make sure it remains free software for all its users.  When we speak of free software, we are referring to freedom, not price.  Our General Public Licenses are designed to make sure that you have the freedom to distribute copies of free software (and charge for them if you wish), that you receive source code or can get it if you want it, that you can change the software or use pieces of it in new free programs, and that you know you can do these things.  Developers that use our General Public Licenses protect your rights with two steps: (1) assert copyright on the software, and (2) offer you this License which gives you legal permission to copy, distribute and/or modify the software.  A secondary benefit of defending all users' freedom is that improvements made in alternate versions of the program, if they receive widespread use, become available for other developers to incorporate.  Many developers of free software are heartened and encouraged by the resulting cooperation.  However, in the case of software used on network servers, this result may fail to come about. The GNU General Public License permits making a modified version and letting the public access it on a server without ever releasing its source code to the public.  The GNU Affero General Public License is designed specifically to ensure that, in such cases, the modified source code becomes available to the community.  It requires the operator of a network server to provide the source code of the modified version running there to the users of that server.  Therefore, public use of a modified version, on a publicly accessible server, gives the public access to the source code of the modified version.  An older license, called the Affero General Public License and published by Affero, was designed to accomplish similar goals.  This is a different license, not a version of the Affero GPL, but Affero has released a new version of the Affero GPL which permits relicensing under this license.  The precise terms and conditions for copying, distribution and modification follow.  TERMS AND CONDITIONS  0. Definitions.  \"This License\" refers to version 3 of the GNU Affero General Public License.  \"Copyright\" also means copyright-like laws that apply to other kinds of works, such as semiconductor masks.  \"The Program\" refers to any copyrightable work licensed under this License.  Each licensee is addressed as \"you\".  \"Licensees\" and \"recipients\" may be individuals or organizations.  To \"modify\" a work means to copy from or adapt all or part of the work in a fashion requiring copyright permission, other than the making of an exact copy.  The resulting work is called a \"modified version\" of the earlier work or a work \"based on\" the earlier work.  A \"covered work\" means either the unmodified Program or a work based on the Program.  To \"propagate\" a work means to do anything with it that, without permission, would make you directly or secondarily liable for infringement under applicable copyright law, except executing it on a computer or modifying a private copy.  Propagation includes copying, distribution (with or without modification), making available to the public, and in some countries other activities as well.  To \"convey\" a work means any kind of propagation that enables other parties to make or receive copies.  Mere interaction with a user through a computer network, with no transfer of a copy, is not conveying.  An interactive user interface displays \"Appropriate Legal Notices\" to the extent that it includes a convenient and prominently visible feature that (1) displays an appropriate copyright notice, and (2) tells the user that there is no warranty for the work (except to the extent that warranties are provided), that licensees may convey the work under this License, and how to view a copy of this License.  If the interface presents a list of user commands or options, such as a menu, a prominent item in the list meets this criterion.  1. Source Code.  The \"source code\" for a work means the preferred form of the work for making modifications to it.  \"Object code\" means any non-source form of a work.  A \"Standard Interface\" means an interface that either is an official standard defined by a recognized standards body, or, in the case of interfaces specified for a particular programming language, one that is widely used among developers working in that language.  The \"System Libraries\" of an executable work include anything, other than the work as a whole, that (a) is included in the normal form of packaging a Major Component, but which is not part of that Major Component, and (b) serves only to enable use of the work with that Major Component, or to implement a Standard Interface for which an implementation is available to the public in source code form.  A \"Major Component\", in this context, means a major essential component (kernel, window system, and so on) of the specific operating system (if any) on which the executable work runs, or a compiler used to produce the work, or an object code interpreter used to run it.  The \"Corresponding Source\" for a work in object code form means all the source code needed to generate, install, and (for an executable work) run the object code and to modify the work, including scripts to control those activities.  However, it does not include the work's System Libraries, or general-purpose tools or generally available free programs which are used unmodified in performing those activities but which are not part of the work.  For example, Corresponding Source includes interface definition files associated with source files for the work, and the source code for shared libraries and dynamically linked subprograms that the work is specifically designed to require, such as by intimate data communication or control flow between those subprograms and other parts of the work.  The Corresponding Source need not include anything that users can regenerate automatically from other parts of the Corresponding Source.  The Corresponding Source for a work in source code form is that same work.  2. Basic Permissions.  All rights granted under this License are granted for the term of copyright on the Program, and are irrevocable provided the stated conditions are met.  This License explicitly affirms your unlimited permission to run the unmodified Program.  The output from running a covered work is covered by this License only if the output, given its content, constitutes a covered work.  This License acknowledges your rights of fair use or other equivalent, as provided by copyright law.  You may make, run and propagate covered works that you do not convey, without conditions so long as your license otherwise remains in force.  You may convey covered works to others for the sole purpose of having them make modifications exclusively for you, or provide you with facilities for running those works, provided that you comply with the terms of this License in conveying all material for which you do not control copyright.  Those thus making or running the covered works for you must do so exclusively on your behalf, under your direction and control, on terms that prohibit them from making any copies of your copyrighted material outside their relationship with you.  Conveying under any other circumstances is permitted solely under the conditions stated below.  Sublicensing is not allowed; section 10 makes it unnecessary.  3. Protecting Users' Legal Rights From Anti-Circumvention Law.  No covered work shall be deemed part of an effective technological measure under any applicable law fulfilling obligations under article 11 of the WIPO copyright treaty adopted on 20 December 1996, or similar laws prohibiting or restricting circumvention of such measures.  When you convey a covered work, you waive any legal power to forbid circumvention of technological measures to the extent such circumvention is effected by exercising rights under this License with respect to the covered work, and you disclaim any intention to limit operation or modification of the work as a means of enforcing, against the work's users, your or third parties' legal rights to forbid circumvention of technological measures.  4. Conveying Verbatim Copies.  You may convey verbatim copies of the Program's source code as you receive it, in any medium, provided that you conspicuously and appropriately publish on each copy an appropriate copyright notice; keep intact all notices stating that this License and any non-permissive terms added in accord with section 7 apply to the code; keep intact all notices of the absence of any warranty; and give all recipients a copy of this License along with the Program.  You may charge any price or no price for each copy that you convey, and you may offer support or warranty protection for a fee.  5. Conveying Modified Source Versions.  You may convey a work based on the Program, or the modifications to produce it from the Program, in the form of source code under the terms of section 4, provided that you also meet all of these conditions:  a) The work must carry prominent notices stating that you modified it, and giving a relevant date.  b) The work must carry prominent notices stating that it is released under this License and any conditions added under section 7.  This requirement modifies the requirement in section 4 to \"keep intact all notices\".  c) You must license the entire work, as a whole, under this License to anyone who comes into possession of a copy.  This License will therefore apply, along with any applicable section 7 additional terms, to the whole of the work, and all its parts, regardless of how they are packaged.  This License gives no permission to license the work in any other way, but it does not invalidate such permission if you have separately received it.  d) If the work has interactive user interfaces, each must display Appropriate Legal Notices; however, if the Program has interactive interfaces that do not display Appropriate Legal Notices, your work need not make them do so.  A compilation of a covered work with other separate and independent works, which are not by their nature extensions of the covered work, and which are not combined with it such as to form a larger program, in or on a volume of a storage or distribution medium, is called an \"aggregate\" if the compilation and its resulting copyright are not used to limit the access or legal rights of the compilation's users beyond what the individual works permit.  Inclusion of a covered work in an aggregate does not cause this License to apply to the other parts of the aggregate.  6. Conveying Non-Source Forms.  You may convey a covered work in object code form under the terms of sections 4 and 5, provided that you also convey the machine-readable Corresponding Source under the terms of this License, in one of these ways:  a) Convey the object code in, or embodied in, a physical product (including a physical distribution medium), accompanied by the Corresponding Source fixed on a durable physical medium customarily used for software interchange.  b) Convey the object code in, or embodied in, a physical product (including a physical distribution medium), accompanied by a written offer, valid for at least three years and valid for as long as you offer spare parts or customer support for that product model, to give anyone who possesses the object code either (1) a copy of the Corresponding Source for all the software in the product that is covered by this License, on a durable physical medium customarily used for software interchange, for a price no more than your reasonable cost of physically performing this conveying of source, or (2) access to copy the Corresponding Source from a network server at no charge.  c) Convey individual copies of the object code with a copy of the written offer to provide the Corresponding Source.  This alternative is allowed only occasionally and noncommercially, and only if you received the object code with such an offer, in accord with subsection 6b.  d) Convey the object code by offering access from a designated place (gratis or for a charge), and offer equivalent access to the Corresponding Source in the same way through the same place at no further charge.  You need not require recipients to copy the Corresponding Source along with the object code.  If the place to copy the object code is a network server, the Corresponding Source may be on a different server (operated by you or a third party) that supports equivalent copying facilities, provided you maintain clear directions next to the object code saying where to find the Corresponding Source.  Regardless of what server hosts the Corresponding Source, you remain obligated to ensure that it is available for as long as needed to satisfy these requirements.  e) Convey the object code using peer-to-peer transmission, provided you inform other peers where the object code and Corresponding Source of the work are being offered to the general public at no charge under subsection 6d.  A separable portion of the object code, whose source code is excluded from the Corresponding Source as a System Library, need not be included in conveying the object code work.  A \"User Product\" is either (1) a \"consumer product\", which means any tangible personal property which is normally used for personal, family, or household purposes, or (2) anything designed or sold for incorporation into a dwelling.  In determining whether a product is a consumer product, doubtful cases shall be resolved in favor of coverage.  For a particular product received by a particular user, \"normally used\" refers to a typical or common use of that class of product, regardless of the status of the particular user or of the way in which the particular user actually uses, or expects or is expected to use, the product.  A product is a consumer product regardless of whether the product has substantial commercial, industrial or non-consumer uses, unless such uses represent the only significant mode of use of the product.  \"Installation Information\" for a User Product means any methods, procedures, authorization keys, or other information required to install and execute modified versions of a covered work in that User Product from a modified version of its Corresponding Source.  The information must suffice to ensure that the continued functioning of the modified object code is in no case prevented or interfered with solely because modification has been made.  If you convey an object code work under this section in, or with, or specifically for use in, a User Product, and the conveying occurs as part of a transaction in which the right of possession and use of the User Product is transferred to the recipient in perpetuity or for a fixed term (regardless of how the transaction is characterized), the Corresponding Source conveyed under this section must be accompanied by the Installation Information.  But this requirement does not apply if neither you nor any third party retains the ability to install modified object code on the User Product (for example, the work has been installed in ROM).  The requirement to provide Installation Information does not include a requirement to continue to provide support service, warranty, or updates for a work that has been modified or installed by the recipient, or for the User Product in which it has been modified or installed.  Access to a network may be denied when the modification itself materially and adversely affects the operation of the network or violates the rules and protocols for communication across the network.  Corresponding Source conveyed, and Installation Information provided, in accord with this section must be in a format that is publicly documented (and with an implementation available to the public in source code form), and must require no special password or key for unpacking, reading or copying.  7. Additional Terms.  \"Additional permissions\" are terms that supplement the terms of this License by making exceptions from one or more of its conditions. Additional permissions that are applicable to the entire Program shall be treated as though they were included in this License, to the extent that they are valid under applicable law.  If additional permissions apply only to part of the Program, that part may be used separately under those permissions, but the entire Program remains governed by this License without regard to the additional permissions.  When you convey a copy of a covered work, you may at your option remove any additional permissions from that copy, or from any part of it.  (Additional permissions may be written to require their own removal in certain cases when you modify the work.)  You may place additional permissions on material, added by you to a covered work, for which you have or can give appropriate copyright permission.  Notwithstanding any other provision of this License, for material you add to a covered work, you may (if authorized by the copyright holders of that material) supplement the terms of this License with terms:  a) Disclaiming warranty or limiting liability differently from the terms of sections 15 and 16 of this License; or  b) Requiring preservation of specified reasonable legal notices or author attributions in that material or in the Appropriate Legal Notices displayed by works containing it; or  c) Prohibiting misrepresentation of the origin of that material, or requiring that modified versions of such material be marked in reasonable ways as different from the original version; or  d) Limiting the use for publicity purposes of names of licensors or authors of the material; or  e) Declining to grant rights under trademark law for use of some trade names, trademarks, or service marks; or  f) Requiring indemnification of licensors and authors of that material by anyone who conveys the material (or modified versions of it) with contractual assumptions of liability to the recipient, for any liability that these contractual assumptions directly impose on those licensors and authors.  All other non-permissive additional terms are considered \"further restrictions\" within the meaning of section 10.  If the Program as you received it, or any part of it, contains a notice stating that it is governed by this License along with a term that is a further restriction, you may remove that term.  If a license document contains a further restriction but permits relicensing or conveying under this License, you may add to a covered work material governed by the terms of that license document, provided that the further restriction does not survive such relicensing or conveying.  If you add terms to a covered work in accord with this section, you must place, in the relevant source files, a statement of the additional terms that apply to those files, or a notice indicating where to find the applicable terms.  Additional terms, permissive or non-permissive, may be stated in the form of a separately written license, or stated as exceptions; the above requirements apply either way.  8. Termination.  You may not propagate or modify a covered work except as expressly provided under this License.  Any attempt otherwise to propagate or modify it is void, and will automatically terminate your rights under this License (including any patent licenses granted under the third paragraph of section 11).  However, if you cease all violation of this License, then your license from a particular copyright holder is reinstated (a) provisionally, unless and until the copyright holder explicitly and finally terminates your license, and (b) permanently, if the copyright holder fails to notify you of the violation by some reasonable means prior to 60 days after the cessation.  Moreover, your license from a particular copyright holder is reinstated permanently if the copyright holder notifies you of the violation by some reasonable means, this is the first time you have received notice of violation of this License (for any work) from that copyright holder, and you cure the violation prior to 30 days after your receipt of the notice.  Termination of your rights under this section does not terminate the licenses of parties who have received copies or rights from you under this License.  If your rights have been terminated and not permanently reinstated, you do not qualify to receive new licenses for the same material under section 10.  9. Acceptance Not Required for Having Copies.  You are not required to accept this License in order to receive or run a copy of the Program.  Ancillary propagation of a covered work occurring solely as a consequence of using peer-to-peer transmission to receive a copy likewise does not require acceptance.  However, nothing other than this License grants you permission to propagate or modify any covered work.  These actions infringe copyright if you do not accept this License.  Therefore, by modifying or propagating a covered work, you indicate your acceptance of this License to do so.  10. Automatic Licensing of Downstream Recipients.  Each time you convey a covered work, the recipient automatically receives a license from the original licensors, to run, modify and propagate that work, subject to this License.  You are not responsible for enforcing compliance by third parties with this License.  An \"entity transaction\" is a transaction transferring control of an organization, or substantially all assets of one, or subdividing an organization, or merging organizations.  If propagation of a covered work results from an entity transaction, each party to that transaction who receives a copy of the work also receives whatever licenses to the work the party's predecessor in interest had or could give under the previous paragraph, plus a right to possession of the Corresponding Source of the work from the predecessor in interest, if the predecessor has it or can get it with reasonable efforts.  You may not impose any further restrictions on the exercise of the rights granted or affirmed under this License.  For example, you may not impose a license fee, royalty, or other charge for exercise of rights granted under this License, and you may not initiate litigation (including a cross-claim or counterclaim in a lawsuit) alleging that any patent claim is infringed by making, using, selling, offering for sale, or importing the Program or any portion of it.  11. Patents.  A \"contributor\" is a copyright holder who authorizes use under this License of the Program or a work on which the Program is based.  The work thus licensed is called the contributor's \"contributor version\".  A contributor's \"essential patent claims\" are all patent claims owned or controlled by the contributor, whether already acquired or hereafter acquired, that would be infringed by some manner, permitted by this License, of making, using, or selling its contributor version, but do not include claims that would be infringed only as a consequence of further modification of the contributor version.  For purposes of this definition, \"control\" includes the right to grant patent sublicenses in a manner consistent with the requirements of this License.  Each contributor grants you a non-exclusive, worldwide, royalty-free patent license under the contributor's essential patent claims, to make, use, sell, offer for sale, import and otherwise run, modify and propagate the contents of its contributor version.  In the following three paragraphs, a \"patent license\" is any express agreement or commitment, however denominated, not to enforce a patent (such as an express permission to practice a patent or covenant not to sue for patent infringement).  To \"grant\" such a patent license to a party means to make such an agreement or commitment not to enforce a patent against the party.  If you convey a covered work, knowingly relying on a patent license, and the Corresponding Source of the work is not available for anyone to copy, free of charge and under the terms of this License, through a publicly available network server or other readily accessible means, then you must either (1) cause the Corresponding Source to be so available, or (2) arrange to deprive yourself of the benefit of the patent license for this particular work, or (3) arrange, in a manner consistent with the requirements of this License, to extend the patent license to downstream recipients.  \"Knowingly relying\" means you have actual knowledge that, but for the patent license, your conveying the covered work in a country, or your recipient's use of the covered work in a country, would infringe one or more identifiable patents in that country that you have reason to believe are valid.  If, pursuant to or in connection with a single transaction or arrangement, you convey, or propagate by procuring conveyance of, a covered work, and grant a patent license to some of the parties receiving the covered work authorizing them to use, propagate, modify or convey a specific copy of the covered work, then the patent license you grant is automatically extended to all recipients of the covered work and works based on it.  A patent license is \"discriminatory\" if it does not include within the scope of its coverage, prohibits the exercise of, or is conditioned on the non-exercise of one or more of the rights that are specifically granted under this License.  You may not convey a covered work if you are a party to an arrangement with a third party that is in the business of distributing software, under which you make payment to the third party based on the extent of your activity of conveying the work, and under which the third party grants, to any of the parties who would receive the covered work from you, a discriminatory patent license (a) in connection with copies of the covered work conveyed by you (or copies made from those copies), or (b) primarily for and in connection with specific products or compilations that contain the covered work, unless you entered into that arrangement, or that patent license was granted, prior to 28 March 2007.  Nothing in this License shall be construed as excluding or limiting any implied license or other defenses to infringement that may otherwise be available to you under applicable patent law.  12. No Surrender of Others' Freedom.  If conditions are imposed on you (whether by court order, agreement or otherwise) that contradict the conditions of this License, they do not excuse you from the conditions of this License.  If you cannot convey a covered work so as to satisfy simultaneously your obligations under this License and any other pertinent obligations, then as a consequence you may not convey it at all.  For example, if you agree to terms that obligate you to collect a royalty for further conveying from those to whom you convey the Program, the only way you could satisfy both those terms and this License would be to refrain entirely from conveying the Program.  13. Remote Network Interaction; Use with the GNU General Public License.  Notwithstanding any other provision of this License, if you modify the Program, your modified version must prominently offer all users interacting with it remotely through a computer network (if your version supports such interaction) an opportunity to receive the Corresponding Source of your version by providing access to the Corresponding Source from a network server at no charge, through some standard or customary means of facilitating copying of software.  This Corresponding Source shall include the Corresponding Source for any work covered by version 3 of the GNU General Public License that is incorporated pursuant to the following paragraph.  Notwithstanding any other provision of this License, you have permission to link or combine any covered work with a work licensed under version 3 of the GNU General Public License into a single combined work, and to convey the resulting work.  The terms of this License will continue to apply to the part which is the covered work, but the work with which it is combined will remain governed by version 3 of the GNU General Public License.  14. Revised Versions of this License.  The Free Software Foundation may publish revised and/or new versions of the GNU Affero General Public License from time to time.  Such new versions will be similar in spirit to the present version, but may differ in detail to address new problems or concerns.  Each version is given a distinguishing version number.  If the Program specifies that a certain numbered version of the GNU Affero General Public License \"or any later version\" applies to it, you have the option of following the terms and conditions either of that numbered version or of any later version published by the Free Software Foundation.  If the Program does not specify a version number of the GNU Affero General Public License, you may choose any version ever published by the Free Software Foundation.  If the Program specifies that a proxy can decide which future versions of the GNU Affero General Public License can be used, that proxy's public statement of acceptance of a version permanently authorizes you to choose that version for the Program.  Later license versions may give you additional or different permissions.  However, no additional obligations are imposed on any author or copyright holder as a result of your choosing to follow a later version.  15. Disclaimer of Warranty.  THERE IS NO WARRANTY FOR THE PROGRAM, TO THE EXTENT PERMITTED BY APPLICABLE LAW.  EXCEPT WHEN OTHERWISE STATED IN WRITING THE COPYRIGHT HOLDERS AND/OR OTHER PARTIES PROVIDE THE PROGRAM \"AS IS\" WITHOUT WARRANTY OF ANY KIND, EITHER EXPRESSED OR IMPLIED, INCLUDING, BUT NOT LIMITED TO, THE IMPLIED WARRANTIES OF MERCHANTABILITY AND FITNESS FOR A PARTICULAR PURPOSE.  THE ENTIRE RISK AS TO THE QUALITY AND PERFORMANCE OF THE PROGRAM IS WITH YOU.  SHOULD THE PROGRAM PROVE DEFECTIVE, YOU ASSUME THE COST OF ALL NECESSARY SERVICING, REPAIR OR CORRECTION.  16. Limitation of Liability.  IN NO EVENT UNLESS REQUIRED BY APPLICABLE LAW OR AGREED TO IN WRITING WILL ANY COPYRIGHT HOLDER, OR ANY OTHER PARTY WHO MODIFIES AND/OR CONVEYS THE PROGRAM AS PERMITTED ABOVE, BE LIABLE TO YOU FOR DAMAGES, INCLUDING ANY GENERAL, SPECIAL, INCIDENTAL OR CONSEQUENTIAL DAMAGES ARISING OUT OF THE USE OR INABILITY TO USE THE PROGRAM (INCLUDING BUT NOT LIMITED TO LOSS OF DATA OR DATA BEING RENDERED INACCURATE OR LOSSES SUSTAINED BY YOU OR THIRD PARTIES OR A FAILURE OF THE PROGRAM TO OPERATE WITH ANY OTHER PROGRAMS), EVEN IF SUCH HOLDER OR OTHER PARTY HAS BEEN ADVISED OF THE POSSIBILITY OF SUCH DAMAGES.  17. Interpretation of Sections 15 and 16.  If the disclaimer of warranty and limitation of liability provided above cannot be given local legal effect according to their terms, reviewing courts shall apply local law that most closely approximates an absolute waiver of all civil liability in connection with the Program, unless a warranty or assumption of liability accompanies a copy of the Program in return for a fee.  END OF TERMS AND CONDITIONS  How to Apply These Terms to Your New Programs  If you develop a new program, and you want it to be of the greatest possible use to the public, the best way to achieve this is to make it free software which everyone can redistribute and change under these terms.  To do so, attach the following notices to the program.  It is safest to attach them to the start of each source file to most effectively state the exclusion of warranty; and each file should have at least the \"copyright\" line and a pointer to where the full notice is found.  <one line to give the program's name and a brief idea of what it does.> Copyright (C) <year>  <name of author>  This program is free software: you can redistribute it and/or modify it under the terms of the GNU Affero General Public License as published by the Free Software Foundation, either version 3 of the License, or (at your option) any later version.  This program is distributed in the hope that it will be useful, but WITHOUT ANY WARRANTY; without even the implied warranty of MERCHANTABILITY or FITNESS FOR A PARTICULAR PURPOSE.  See the GNU Affero General Public License for more details.  You should have received a copy of the GNU Affero General Public License along with this program.  If not, see <https://www.gnu.org/licenses/>.  Also add information on how to contact you by electronic and paper mail.  If your software can interact with users remotely through a computer network, you should also make sure that it provides a way for users to get its source.  For example, if your program is a web application, its interface could display a \"Source\" link that leads users to an archive of the code.  There are many ways you could offer source, and different solutions will be better for different programs; see section 13 for the specific requirements.  You should also get your employer (if you work as a programmer) or school, if any, to sign a \"copyright disclaimer\" for the program, if necessary. For more information on this, and how to apply and follow the GNU AGPL, see <https://www.gnu.org/licenses/>."}, {"package": "neural-fmri", "license": "UNKNOWN"}, {"package": "ngshare-exchange", "license": ""}, {"package": "exchange2org", "license": ""}, {"package": "neural-code", "license": "BSD license"}, {"package": "neural-style", "license": ""}, {"package": "neural-chat", "license": ""}, {"package": "graphesn", "license": ""}, {"package": "open511", "license": "MIT"}, {"package": "Titanicbc", "license": ""}, {"package": "neural-mmo", "license": "MIT"}, {"package": "onnx", "license": "Apache License v2.0"}, {"package": "exchange-calendars", "license": " Apache License Version 2.0, January 2004 http://www.apache.org/licenses/  TERMS AND CONDITIONS FOR USE, REPRODUCTION, AND DISTRIBUTION  1. Definitions.  \"License\" shall mean the terms and conditions for use, reproduction, and distribution as defined by Sections 1 through 9 of this document.  \"Licensor\" shall mean the copyright owner or entity authorized by the copyright owner that is granting the License.  \"Legal Entity\" shall mean the union of the acting entity and all other entities that control, are controlled by, or are under common control with that entity. For the purposes of this definition, \"control\" means (i) the power, direct or indirect, to cause the direction or management of such entity, whether by contract or otherwise, or (ii) ownership of fifty percent (50%) or more of the outstanding shares, or (iii) beneficial ownership of such entity.  \"You\" (or \"Your\") shall mean an individual or Legal Entity exercising permissions granted by this License.  \"Source\" form shall mean the preferred form for making modifications, including but not limited to software source code, documentation source, and configuration files.  \"Object\" form shall mean any form resulting from mechanical transformation or translation of a Source form, including but not limited to compiled object code, generated documentation, and conversions to other media types.  \"Work\" shall mean the work of authorship, whether in Source or Object form, made available under the License, as indicated by a copyright notice that is included in or attached to the work (an example is provided in the Appendix below).  \"Derivative Works\" shall mean any work, whether in Source or Object form, that is based on (or derived from) the Work and for which the editorial revisions, annotations, elaborations, or other modifications represent, as a whole, an original work of authorship. For the purposes of this License, Derivative Works shall not include works that remain separable from, or merely link (or bind by name) to the interfaces of, the Work and Derivative Works thereof.  \"Contribution\" shall mean any work of authorship, including the original version of the Work and any modifications or additions to that Work or Derivative Works thereof, that is intentionally submitted to Licensor for inclusion in the Work by the copyright owner or by an individual or Legal Entity authorized to submit on behalf of the copyright owner. For the purposes of this definition, \"submitted\" means any form of electronic, verbal, or written communication sent to the Licensor or its representatives, including but not limited to communication on electronic mailing lists, source code control systems, and issue tracking systems that are managed by, or on behalf of, the Licensor for the purpose of discussing and improving the Work, but excluding communication that is conspicuously marked or otherwise designated in writing by the copyright owner as \"Not a Contribution.\"  \"Contributor\" shall mean Licensor and any individual or Legal Entity on behalf of whom a Contribution has been received by Licensor and subsequently incorporated within the Work.  2. Grant of Copyright License. Subject to the terms and conditions of this License, each Contributor hereby grants to You a perpetual, worldwide, non-exclusive, no-charge, royalty-free, irrevocable copyright license to reproduce, prepare Derivative Works of, publicly display, publicly perform, sublicense, and distribute the Work and such Derivative Works in Source or Object form.  3. Grant of Patent License. Subject to the terms and conditions of this License, each Contributor hereby grants to You a perpetual, worldwide, non-exclusive, no-charge, royalty-free, irrevocable (except as stated in this section) patent license to make, have made, use, offer to sell, sell, import, and otherwise transfer the Work, where such license applies only to those patent claims licensable by such Contributor that are necessarily infringed by their Contribution(s) alone or by combination of their Contribution(s) with the Work to which such Contribution(s) was submitted. If You institute patent litigation against any entity (including a cross-claim or counterclaim in a lawsuit) alleging that the Work or a Contribution incorporated within the Work constitutes direct or contributory patent infringement, then any patent licenses granted to You under this License for that Work shall terminate as of the date such litigation is filed.  4. Redistribution. You may reproduce and distribute copies of the Work or Derivative Works thereof in any medium, with or without modifications, and in Source or Object form, provided that You meet the following conditions:  (a) You must give any other recipients of the Work or Derivative Works a copy of this License; and  (b) You must cause any modified files to carry prominent notices stating that You changed the files; and  (c) You must retain, in the Source form of any Derivative Works that You distribute, all copyright, patent, trademark, and attribution notices from the Source form of the Work, excluding those notices that do not pertain to any part of the Derivative Works; and  (d) If the Work includes a \"NOTICE\" text file as part of its distribution, then any Derivative Works that You distribute must include a readable copy of the attribution notices contained within such NOTICE file, excluding those notices that do not pertain to any part of the Derivative Works, in at least one of the following places: within a NOTICE text file distributed as part of the Derivative Works; within the Source form or documentation, if provided along with the Derivative Works; or, within a display generated by the Derivative Works, if and wherever such third-party notices normally appear. The contents of the NOTICE file are for informational purposes only and do not modify the License. You may add Your own attribution notices within Derivative Works that You distribute, alongside or as an addendum to the NOTICE text from the Work, provided that such additional attribution notices cannot be construed as modifying the License.  You may add Your own copyright statement to Your modifications and may provide additional or different license terms and conditions for use, reproduction, or distribution of Your modifications, or for any such Derivative Works as a whole, provided Your use, reproduction, and distribution of the Work otherwise complies with the conditions stated in this License.  5. Submission of Contributions. Unless You explicitly state otherwise, any Contribution intentionally submitted for inclusion in the Work by You to the Licensor shall be under the terms and conditions of this License, without any additional terms or conditions. Notwithstanding the above, nothing herein shall supersede or modify the terms of any separate license agreement you may have executed with Licensor regarding such Contributions.  6. Trademarks. This License does not grant permission to use the trade names, trademarks, service marks, or product names of the Licensor, except as required for reasonable and customary use in describing the origin of the Work and reproducing the content of the NOTICE file.  7. Disclaimer of Warranty. Unless required by applicable law or agreed to in writing, Licensor provides the Work (and each Contributor provides its Contributions) on an \"AS IS\" BASIS, WITHOUT WARRANTIES OR CONDITIONS OF ANY KIND, either express or implied, including, without limitation, any warranties or conditions of TITLE, NON-INFRINGEMENT, MERCHANTABILITY, or FITNESS FOR A PARTICULAR PURPOSE. You are solely responsible for determining the appropriateness of using or redistributing the Work and assume any risks associated with Your exercise of permissions under this License.  8. Limitation of Liability. In no event and under no legal theory, whether in tort (including negligence), contract, or otherwise, unless required by applicable law (such as deliberate and grossly negligent acts) or agreed to in writing, shall any Contributor be liable to You for damages, including any direct, indirect, special, incidental, or consequential damages of any character arising as a result of this License or out of the use or inability to use the Work (including but not limited to damages for loss of goodwill, work stoppage, computer failure or malfunction, or any and all other commercial damages or losses), even if such Contributor has been advised of the possibility of such damages.  9. Accepting Warranty or Additional Liability. While redistributing the Work or Derivative Works thereof, You may choose to offer, and charge a fee for, acceptance of support, warranty, indemnity, or other liability obligations and/or rights consistent with this License. However, in accepting such obligations, You may act only on Your own behalf and on Your sole responsibility, not on behalf of any other Contributor, and only if You agree to indemnify, defend, and hold each Contributor harmless for any liability incurred by, or claims asserted against, such Contributor by reason of your accepting any such warranty or additional liability.  END OF TERMS AND CONDITIONS  APPENDIX: How to apply the Apache License to your work.  To apply the Apache License to your work, attach the following boilerplate notice, with the fields enclosed by brackets \"[]\" replaced with your own identifying information. (Don't include the brackets!)  The text should be enclosed in the appropriate comment syntax for the file format. We also recommend that a file or class name and description of purpose be included on the same \"printed page\" as the copyright notice for easier identification within third-party archives.  Copyright 2018 Quantopian, Inc.  Licensed under the Apache License, Version 2.0 (the \"License\"); you may not use this file except in compliance with the License. You may obtain a copy of the License at  http://www.apache.org/licenses/LICENSE-2.0  Unless required by applicable law or agreed to in writing, software distributed under the License is distributed on an \"AS IS\" BASIS, WITHOUT WARRANTIES OR CONDITIONS OF ANY KIND, either express or implied. See the License for the specific language governing permissions and limitations under the License. "}, {"package": "neural-network-from-scratch", "license": "Apache Software License 2.0"}, {"package": "Dendrite-Neural-Network", "license": ""}, {"package": "dextrusion", "license": ""}, {"package": "neural-tangents", "license": "Apache 2.0"}, {"package": "network", "license": "MIT"}, {"package": "neural-search", "license": "Apache 2.0"}, {"package": "neural-tools", "license": ""}, {"package": "neural-lib", "license": ""}, {"package": "noelnetwork", "license": "MIT"}, {"package": "neural-art", "license": "MIT"}, {"package": "tyxe", "license": "MIT"}, {"package": "open-1688", "license": ""}, {"package": "Abstract-Exchange", "license": ""}, {"package": "kassandra", "license": ""}, {"package": "chives-exchange", "license": ""}, {"package": "mlp-image-classifier", "license": ""}, {"package": "neural-lifetimes", "license": ""}, {"package": "neural-admixture", "license": "CC BY-NC 4.0"}, {"package": "neural-python", "license": "MIT"}, {"package": "neural-ilt", "license": "CU-SD LICENSE"}, {"package": "miind", "license": ""}, {"package": "neural-network-renderer", "license": ""}], "Package_Language": [{"package": "django-exchange", "programming_language": "Python"}, {"package": "Building-Neural-Network", "programming_language": "Python"}, {"package": "Easy-Convolutional-Neural-Network", "programming_language": "Python"}, {"package": "aiinpy", "programming_language": "Python"}, {"package": "neural-compressor", "programming_language": "Python"}, {"package": "onnx-coreml", "programming_language": "Python"}, {"package": "neural-map", "programming_language": "Python"}, {"package": "gpg-exchange", "programming_language": "Python"}, {"package": "graph-tool-nn", "programming_language": "Python"}, {"package": "Temu-Exchange", "programming_language": "Python"}, {"package": "Artificial-Neural-Network-Classifier", "programming_language": "Python"}, {"package": "zonda-exchange", "programming_language": "Python"}, {"package": "onnx-weekly", "programming_language": "Python"}, {"package": "neural-dream", "programming_language": "Python"}, {"package": "neural-semigroups", "programming_language": "Python"}, {"package": "onnx-tf", "programming_language": "Python"}, {"package": "queueing-rnn", "programming_language": "Python"}, {"package": "onnxruntime-noopenmp", "programming_language": "Python"}, {"package": "OpenNN", "programming_language": "Python"}, {"package": "Neural-Decoding", "programming_language": "Python"}, {"package": "easyrec-python", "programming_language": "Python"}, {"package": "open-forms-ext-token-exchange", "programming_language": "Python"}, {"package": "cryptocom-exchange", "programming_language": "Python"}, {"package": "flexible-neural-network", "programming_language": "Python"}, {"package": "estnltk-neural", "programming_language": "Python"}, {"package": "exchange-worker", "programming_language": "Python"}, {"package": "exchange-worker", "programming_language": "Rust"}, {"package": "namebase-exchange", "programming_language": "Python"}, {"package": "Advanced-Neural-Network", "programming_language": "Python"}, {"package": "open_exchange_rates", "programming_language": "Python"}, {"package": "analogvnn", "programming_language": "Python"}, {"package": "pdenetgen", "programming_language": "Python"}, {"package": "exchange-api", "programming_language": "Python"}, {"package": "currency-open-exchange", "programming_language": "Python"}, {"package": "fastybird-exchange", "programming_language": "Python"}, {"package": "fastybird-exchange", "programming_language": "PHP"}, {"package": "ort-nightly-featurizer", "programming_language": "Python"}, {"package": "privex-exchange", "programming_language": "Python"}, {"package": "neural-learn", "programming_language": "Python"}, {"package": "exchange", "programming_language": "Python"}, {"package": "neural-pipeline", "programming_language": "Python"}, {"package": "artificial-neural-network-model-automation", "programming_language": "Python"}, {"package": "paper-neural", "programming_language": "Python"}, {"package": "agent-exchange", "programming_language": "Python"}, {"package": "onnxruntime-openmp", "programming_language": "Python"}, {"package": "open311", "programming_language": "Python"}, {"package": "neural", "programming_language": "Python"}, {"package": "ort-gpu-nightly-featurizer", "programming_language": "Python"}, {"package": "Flask-Exchange", "programming_language": "Python"}, {"package": "mediaalpha-exchange", "programming_language": "Python"}, {"package": "neural-diffeqs", "programming_language": "Python"}, {"package": "ort-gpu-nightly-training", "programming_language": "Python"}, {"package": "Erutils", "programming_language": "Python"}, {"package": "neural3d", "programming_language": "Python"}, {"package": "ngshare-exchange", "programming_language": "Python"}, {"package": "exchange2org", "programming_language": "Python"}, {"package": "neural-code", "programming_language": "Python"}, {"package": "neural-style", "programming_language": "Python"}, {"package": "neural-chat", "programming_language": "Python"}, {"package": "graphesn", "programming_language": "Python"}, {"package": "open511", "programming_language": "Python"}, {"package": "neural-mmo", "programming_language": "Python"}, {"package": "onnx", "programming_language": "Python"}, {"package": "exchange-calendars", "programming_language": "Python"}, {"package": "neural-network-from-scratch", "programming_language": "Python"}, {"package": "neural-tangents", "programming_language": "Python"}, {"package": "neural-search", "programming_language": "Python"}, {"package": "neural-search", "programming_language": "Unix Shell"}, {"package": "neural-tools", "programming_language": "Python"}, {"package": "noelnetwork", "programming_language": "Python"}, {"package": "neural-art", "programming_language": "Python"}, {"package": "tyxe", "programming_language": "Python"}, {"package": "open-1688", "programming_language": "Python"}, {"package": "kassandra", "programming_language": "Python"}, {"package": "neural-lifetimes", "programming_language": "Python"}, {"package": "neural-admixture", "programming_language": "Python"}, {"package": "neural-python", "programming_language": "Python"}, {"package": "neural-ilt", "programming_language": "Python"}, {"package": "miind", "programming_language": "Python"}, {"package": "neural-network-renderer", "programming_language": "Python"}]}