package_name,language
django-exchange,Python
Building-Neural-Network,Python
Easy-Convolutional-Neural-Network,Python
aiinpy,Python
neural-compressor,Python
onnx-coreml,Python
neural-map,Python
gpg-exchange,Python
graph-tool-nn,Python
Temu-Exchange,Python
Artificial-Neural-Network-Classifier,Python
zonda-exchange,Python
onnx-weekly,Python
neural-dream,Python
neural-semigroups,Python
onnx-tf,Python
queueing-rnn,Python
onnxruntime-noopenmp,Python
OpenNN,Python
Neural-Decoding,Python
easyrec-python,Python
open-forms-ext-token-exchange,Python
cryptocom-exchange,Python
flexible-neural-network,Python
estnltk-neural,Python
exchange-worker,Python
exchange-worker,Rust
namebase-exchange,Python
Advanced-Neural-Network,Python
open_exchange_rates,Python
analogvnn,Python
pdenetgen,Python
exchange-api,Python
currency-open-exchange,Python
fastybird-exchange,Python
fastybird-exchange,PHP
ort-nightly-featurizer,Python
privex-exchange,Python
neural-learn,Python
exchange,Python
neural-pipeline,Python
artificial-neural-network-model-automation,Python
paper-neural,Python
agent-exchange,Python
onnxruntime-openmp,Python
open311,Python
neural,Python
ort-gpu-nightly-featurizer,Python
Flask-Exchange,Python
mediaalpha-exchange,Python
neural-diffeqs,Python
ort-gpu-nightly-training,Python
Erutils,Python
neural3d,Python
ngshare-exchange,Python
exchange2org,Python
neural-code,Python
neural-style,Python
neural-chat,Python
graphesn,Python
open511,Python
neural-mmo,Python
onnx,Python
exchange-calendars,Python
neural-network-from-scratch,Python
neural-tangents,Python
neural-search,Python
neural-search,Unix Shell
neural-tools,Python
noelnetwork,Python
neural-art,Python
tyxe,Python
open-1688,Python
kassandra,Python
neural-lifetimes,Python
neural-admixture,Python
neural-python,Python
neural-ilt,Python
miind,Python
neural-network-renderer,Python
